hotel,is_canceled,lead_time,arrival_date_year,arrival_date_month,arrival_date_week_number,arrival_date_day_of_month,stays_in_weekend_nights,stays_in_week_nights,adults,children,babies,meal,country,market_segment,distribution_channel,is_repeated_guest,previous_cancellations,previous_bookings_not_canceled,reserved_room_type,assigned_room_type,booking_changes,deposit_type,agent,company,days_in_waiting_list,customer_type,adr,required_car_parking_spaces,total_of_special_requests,reservation_status,reservation_status_date,Unnamed: 32
Resort Hotel,0,203,2016,December,49,2,2,5,2,0.0,0,BB,GBR,Direct,Direct,0,0,0,F,F,4,No Deposit,250.0,,0,Transient,66.8,0,0,Check-Out,09-12-2016,
City Hotel,1,82,2015,July,29,16,0,3,2,0.0,0,BB,PRT,Online TA,TA/TO,0,0,0,A,A,0,No Deposit,9.0,,0,Transient,76.5,0,0,Canceled,16-07-2015,
City Hotel,0,25,2016,December,53,27,0,3,3,0.0,0,BB,BRA,Offline TA/TO,TA/TO,0,0,0,A,K,2,No Deposit,220.0,,0,Transient-Party,60.0,0,1,Check-Out,30-12-2016,
City Hotel,0,1,2016,March,11,9,0,1,1,0.0,0,BB,SWE,Online TA,TA/TO,0,0,0,A,A,0,No Deposit,9.0,,0,Transient-Party,95.0,0,0,Check-Out,10-03-2016,
City Hotel,0,70,2017,April,16,16,2,2,2,0.0,0,SC,GBR,Online TA,TA/TO,0,0,0,A,A,0,No Deposit,9.0,,0,Transient,108.0,0,0,Check-Out,20-04-2017,
City Hotel,0,170,2017,April,17,27,0,3,2,0.0,0,BB,DEU,Online TA,TA/TO,0,0,0,D,D,0,No Deposit,9.0,,0,Transient,130.5,0,0,Check-Out,30-04-2017,
City Hotel,1,21,2016,March,10,4,0,1,1,0.0,0,BB,SVN,Online TA,TA/TO,0,0,0,A,A,0,No Deposit,9.0,,0,Transient-Party,85.0,0,0,Canceled,26-02-2016,
City Hotel,0,102,2015,October,42,16,0,2,2,0.0,0,HB,DEU,Offline TA/TO,TA/TO,0,0,0,A,D,0,No Deposit,6.0,,0,Transient-Party,109.0,0,0,Check-Out,18-10-2015,
Resort Hotel,0,55,2016,November,47,19,2,5,2,0.0,0,HB,GBR,Online TA,TA/TO,0,0,0,D,D,1,No Deposit,314.0,,0,Transient,67.44,0,0,Check-Out,26-11-2016,
Resort Hotel,0,222,2015,September,38,14,1,1,2,0.0,0,HB,ESP,Groups,TA/TO,0,0,0,A,A,0,No Deposit,68.0,,0,Transient,80.0,0,0,Check-Out,16-09-2015,
Resort Hotel,0,120,2016,December,53,26,1,3,2,0.0,0,BB,BEL,Online TA,TA/TO,0,0,0,D,D,0,No Deposit,240.0,,0,Transient-Party,54.8,1,3,Check-Out,30-12-2016,
City Hotel,1,88,2017,February,7,17,0,2,2,0.0,0,SC,DEU,Online TA,TA/TO,0,0,0,A,A,0,No Deposit,9.0,,0,Transient,79.2,0,0,Canceled,25-11-2016,
Resort Hotel,0,79,2015,December,52,24,2,5,2,0.0,0,HB,GBR,Offline TA/TO,TA/TO,0,0,0,A,A,0,No Deposit,156.0,,0,Transient,57.29,0,2,Check-Out,31-12-2015,
City Hotel,0,41,2016,August,34,15,1,2,2,0.0,0,BB,PRT,Offline TA/TO,TA/TO,0,0,0,A,A,0,No Deposit,28.0,,0,Transient,76.5,0,0,Check-Out,18-08-2016,
City Hotel,1,239,2015,October,42,17,0,1,2,0.0,0,BB,PRT,Groups,TA/TO,0,1,0,A,A,0,Non Refund,1.0,,0,Transient,60.0,0,0,Canceled,17-08-2015,
Resort Hotel,0,23,2017,April,16,20,0,2,2,0.0,0,BB,GBR,Groups,Direct,0,0,0,A,A,0,No Deposit,,,0,Transient-Party,99.0,1,0,Check-Out,22-04-2017,
Resort Hotel,0,34,2016,December,50,9,0,1,2,0.0,0,BB,PRT,Online TA,TA/TO,0,0,0,A,D,0,No Deposit,240.0,,0,Transient,48.0,0,1,Check-Out,10-12-2016,
City Hotel,1,38,2016,May,19,6,2,3,2,1.0,0,HB,FRA,Online TA,TA/TO,0,0,0,A,A,0,No Deposit,9.0,,0,Transient,149.68,0,0,Canceled,01-05-2016,
City Hotel,0,160,2017,July,28,15,2,5,2,0.0,0,BB,FRA,Online TA,TA/TO,0,0,0,A,A,0,No Deposit,7.0,,0,Transient,78.35,0,1,Check-Out,22-07-2017,
Resort Hotel,0,32,2016,October,44,27,2,5,2,0.0,0,BB,FRA,Direct,Direct,0,0,0,F,F,0,No Deposit,250.0,,0,Transient,91.85,1,0,Check-Out,03-11-2016,
Resort Hotel,0,56,2016,March,14,29,0,4,2,0.0,0,BB,PRT,Online TA,TA/TO,0,0,0,A,A,0,No Deposit,240.0,,0,Transient,58.0,1,1,Check-Out,02-04-2016,
City Hotel,1,97,2015,October,41,5,1,3,1,0.0,0,BB,PRT,Groups,TA/TO,0,0,0,A,A,0,Non Refund,29.0,,0,Transient,140.0,0,0,Canceled,03-07-2015,
Resort Hotel,0,85,2017,April,16,19,1,4,2,0.0,0,BB,USA,Direct,Direct,0,0,0,E,E,2,No Deposit,,,0,Transient-Party,74.6,0,1,Check-Out,24-04-2017,
City Hotel,0,278,2017,July,30,26,0,4,3,0.0,0,BB,DEU,Online TA,TA/TO,0,0,0,D,D,0,No Deposit,9.0,,0,Transient,165.6,0,2,Check-Out,30-07-2017,
City Hotel,1,175,2016,August,33,10,0,4,2,0.0,0,BB,GBR,Online TA,TA/TO,0,0,0,A,A,0,No Deposit,9.0,,0,Transient,99.45,0,0,Canceled,01-03-2016,
City Hotel,1,26,2017,May,21,22,1,1,2,0.0,0,BB,PRT,Offline TA/TO,TA/TO,0,0,0,A,A,0,Non Refund,3.0,,0,Transient,128.0,0,0,Canceled,26-04-2017,
City Hotel,1,360,2015,October,42,12,1,1,2,0.0,0,BB,PRT,Groups,TA/TO,0,1,0,A,A,0,Non Refund,1.0,,0,Contract,62.0,0,0,Canceled,01-01-2015,
Resort Hotel,1,378,2016,November,45,1,0,2,2,0.0,0,BB,PRT,Groups,TA/TO,0,0,0,A,A,0,Non Refund,248.0,,0,Transient,46.0,0,0,Canceled,18-10-2016,
City Hotel,0,32,2016,January,5,24,2,1,2,0.0,0,BB,ARG,Corporate,Corporate,0,0,0,A,A,1,No Deposit,38.0,,15,Transient-Party,64.0,0,0,Check-Out,27-01-2016,
Resort Hotel,0,165,2015,December,53,30,0,4,1,0.0,0,Undefined,PRT,Groups,TA/TO,0,0,0,A,A,0,No Deposit,308.0,,122,Transient-Party,0.0,0,0,Check-Out,03-01-2016,
City Hotel,0,4,2015,August,35,25,0,4,2,0.0,0,BB,PRT,Groups,TA/TO,0,0,0,A,A,0,No Deposit,1.0,,0,Transient-Party,62.0,0,0,Check-Out,29-08-2015,
City Hotel,1,179,2016,July,27,1,0,2,2,0.0,0,BB,PRT,Groups,TA/TO,0,0,0,A,A,0,Non Refund,1.0,,0,Transient,65.0,0,0,Canceled,10-05-2016,
City Hotel,0,349,2016,October,41,4,1,5,2,0.0,0,BB,DEU,Offline TA/TO,TA/TO,0,0,0,A,A,0,No Deposit,58.0,,162,Transient-Party,123.33,0,0,Check-Out,10-10-2016,
City Hotel,0,47,2016,February,8,18,0,3,2,0.0,0,BB,NLD,Online TA,TA/TO,0,0,0,D,D,0,No Deposit,9.0,,0,Transient,90.3,0,0,Check-Out,21-02-2016,
City Hotel,0,237,2015,September,38,14,1,2,1,0.0,0,BB,DEU,Online TA,TA/TO,0,0,0,A,A,0,No Deposit,9.0,,0,Transient-Party,80.75,0,0,Check-Out,17-09-2015,
City Hotel,0,31,2016,September,40,27,0,1,2,0.0,0,BB,UGA,Online TA,TA/TO,0,0,0,A,D,0,No Deposit,9.0,,0,Transient,126.0,0,0,Check-Out,28-09-2016,
City Hotel,0,158,2016,July,27,1,1,2,2,2.0,0,BB,BEL,Online TA,TA/TO,0,0,0,F,F,0,No Deposit,9.0,,0,Transient,168.3,0,1,Check-Out,04-07-2016,
City Hotel,0,25,2016,December,51,13,0,4,1,0.0,0,BB,EST,Online TA,TA/TO,0,0,0,A,A,0,No Deposit,8.0,,0,Transient,79.9,0,1,Check-Out,17-12-2016,
City Hotel,0,386,2016,October,44,23,2,0,2,0.0,0,HB,DEU,Offline TA/TO,TA/TO,0,0,0,A,A,0,No Deposit,6.0,,0,Transient-Party,115.0,0,1,Check-Out,25-10-2016,
Resort Hotel,0,10,2016,September,38,13,0,2,2,0.0,0,BB,TUR,Online TA,TA/TO,0,0,0,A,A,0,No Deposit,240.0,,0,Transient,109.0,0,0,Check-Out,15-09-2016,
City Hotel,0,76,2016,March,13,20,2,3,2,0.0,0,BB,AUT,Online TA,TA/TO,0,0,0,D,D,1,No Deposit,9.0,,0,Transient,110.15,0,1,Check-Out,25-03-2016,
City Hotel,0,42,2017,April,16,21,1,2,2,0.0,0,BB,BRA,Online TA,TA/TO,0,0,0,D,D,0,No Deposit,9.0,,0,Transient,156.67,0,2,Check-Out,24-04-2017,
Resort Hotel,1,210,2016,August,35,22,3,8,2,0.0,0,HB,PRT,Online TA,TA/TO,0,0,0,E,E,0,No Deposit,240.0,,0,Transient,192.73,0,2,Canceled,15-02-2016,
City Hotel,0,4,2016,June,27,26,2,0,1,0.0,0,SC,NLD,Online TA,TA/TO,0,0,0,A,A,0,No Deposit,9.0,,0,Transient,113.0,0,1,Check-Out,28-06-2016,
City Hotel,0,33,2016,May,23,29,2,1,2,0.0,0,BB,PRT,Offline TA/TO,TA/TO,0,0,0,A,A,0,No Deposit,42.0,,0,Transient,85.5,0,0,Check-Out,01-06-2016,
City Hotel,0,7,2016,December,51,17,1,1,2,0.0,0,SC,PRT,Online TA,TA/TO,0,0,0,A,A,0,No Deposit,9.0,,0,Transient,78.0,0,1,Check-Out,19-12-2016,
City Hotel,0,21,2015,December,51,17,0,2,1,0.0,0,BB,PRT,Corporate,Corporate,0,0,0,A,A,0,No Deposit,,40.0,0,Transient-Party,65.0,0,0,Check-Out,19-12-2015,
City Hotel,1,160,2015,December,53,30,0,3,2,0.0,0,BB,PRT,Offline TA/TO,TA/TO,0,0,0,A,A,0,No Deposit,3.0,,111,Transient-Party,70.0,0,0,Canceled,23-12-2015,
Resort Hotel,0,28,2016,May,21,19,2,5,3,0.0,0,BB,FRA,Offline TA/TO,TA/TO,0,0,0,A,A,0,No Deposit,8.0,,0,Transient,79.9,0,2,Check-Out,26-05-2016,
City Hotel,1,274,2015,July,29,18,2,2,2,0.0,0,BB,PRT,Groups,TA/TO,0,1,0,A,A,0,No Deposit,1.0,,0,Transient-Party,62.0,0,0,Canceled,06-07-2015,
City Hotel,1,155,2017,July,29,17,1,1,2,0.0,0,SC,USA,Online TA,TA/TO,0,0,0,A,A,0,No Deposit,9.0,,0,Transient,89.1,0,1,Canceled,08-03-2017,
Resort Hotel,1,48,2016,September,40,30,2,3,2,0.0,0,BB,ESP,Online TA,TA/TO,0,0,0,E,E,0,No Deposit,240.0,,0,Transient,107.0,0,0,Canceled,14-08-2016,
Resort Hotel,0,25,2016,January,3,14,0,2,2,2.0,0,BB,ESP,Online TA,TA/TO,0,0,0,G,G,0,No Deposit,240.0,,0,Transient,79.0,0,1,Check-Out,16-01-2016,
Resort Hotel,0,154,2016,July,29,11,1,2,2,0.0,0,BB,LUX,Offline TA/TO,TA/TO,0,0,0,A,B,0,No Deposit,327.0,,0,Transient,64.8,0,0,Check-Out,14-07-2016,
City Hotel,1,1,2015,December,53,29,0,4,2,0.0,1,BB,PRT,Groups,TA/TO,0,0,0,B,B,2,No Deposit,29.0,,0,Transient,72.5,0,2,Canceled,29-12-2015,
City Hotel,1,364,2015,October,42,16,0,2,2,0.0,0,HB,PRT,Offline TA/TO,TA/TO,0,1,0,A,A,0,Non Refund,6.0,,0,Transient-Party,101.5,0,0,Canceled,06-07-2015,
City Hotel,0,18,2016,December,51,11,1,0,2,0.0,0,BB,PRT,Offline TA/TO,TA/TO,0,0,0,A,A,0,No Deposit,378.0,,0,Transient-Party,80.0,0,0,Check-Out,12-12-2016,
City Hotel,1,21,2017,January,1,2,1,3,2,0.0,0,BB,KOR,Online TA,TA/TO,0,0,0,A,A,0,No Deposit,9.0,,0,Transient,90.1,0,2,Canceled,16-12-2016,
City Hotel,1,15,2017,February,7,17,0,2,2,0.0,0,BB,PRT,Offline TA/TO,TA/TO,0,0,0,A,A,0,Non Refund,19.0,,0,Transient,95.0,0,0,Canceled,02-02-2017,
City Hotel,0,22,2017,March,11,16,2,5,2,0.0,0,BB,GBR,Offline TA/TO,TA/TO,0,0,0,A,A,0,No Deposit,85.0,,0,Transient,68.0,0,1,Check-Out,23-03-2017,
Resort Hotel,1,80,2017,August,34,26,2,2,2,0.0,0,BB,PRT,Offline TA/TO,TA/TO,0,0,0,D,D,0,No Deposit,40.0,,0,Contract,135.0,0,1,Canceled,15-07-2017,
City Hotel,1,25,2015,December,50,8,0,2,1,0.0,0,BB,PRT,Offline TA/TO,TA/TO,0,1,0,A,A,0,Non Refund,19.0,,0,Transient,90.0,0,0,Canceled,17-11-2015,
Resort Hotel,0,164,2015,November,46,9,2,5,2,0.0,0,HB,FRA,Online TA,TA/TO,0,0,0,A,D,0,No Deposit,240.0,,0,Transient,61.2,1,0,Check-Out,16-11-2015,
City Hotel,0,69,2016,May,20,14,2,1,3,0.0,0,BB,DEU,Online TA,TA/TO,0,0,0,A,D,0,No Deposit,9.0,,0,Transient,159.3,0,1,Check-Out,17-05-2016,
Resort Hotel,0,3,2016,May,21,20,0,2,2,0.0,0,BB,ESP,Online TA,TA/TO,0,0,0,A,F,0,No Deposit,240.0,,0,Transient,89.0,0,0,Check-Out,22-05-2016,
Resort Hotel,1,206,2016,March,13,21,2,5,2,0.0,0,BB,PRT,Online TA,TA/TO,0,0,0,A,A,0,No Deposit,240.0,,0,Transient,42.69,0,1,Canceled,31-08-2015,
City Hotel,1,157,2017,May,18,1,1,3,2,0.0,0,BB,PRT,Groups,TA/TO,0,0,0,A,A,0,Non Refund,3.0,,0,Transient,130.0,0,0,Canceled,25-11-2016,
City Hotel,0,30,2016,May,21,21,2,2,2,1.0,0,BB,BRA,Online TA,TA/TO,0,0,0,A,B,0,No Deposit,9.0,,0,Transient,133.58,0,0,Check-Out,25-05-2016,
City Hotel,0,1,2017,May,19,9,0,1,1,0.0,0,SC,ESP,Online TA,TA/TO,0,0,0,A,A,0,No Deposit,10.0,,0,Transient,95.0,0,0,Check-Out,10-05-2017,
Resort Hotel,0,32,2016,April,17,19,2,5,2,0.0,0,HB,GBR,Groups,Direct,0,0,0,D,D,0,No Deposit,273.0,,0,Transient-Party,38.22,0,0,Check-Out,26-04-2016,
Resort Hotel,0,53,2016,June,24,7,0,2,2,0.0,0,BB,CHN,Online TA,TA/TO,0,0,0,A,A,0,No Deposit,240.0,,0,Transient,129.0,0,1,Check-Out,09-06-2016,
Resort Hotel,1,246,2015,September,36,5,2,5,2,0.0,0,BB,,Offline TA/TO,TA/TO,0,1,0,A,A,0,No Deposit,96.0,,0,Transient-Party,58.95,0,0,Canceled,17-06-2015,
City Hotel,1,304,2016,November,45,3,0,3,2,0.0,0,BB,PRT,Offline TA/TO,TA/TO,0,0,0,A,A,0,Non Refund,21.0,,0,Transient,89.0,0,0,Canceled,01-02-2016,
City Hotel,0,127,2017,July,30,25,0,3,2,0.0,0,BB,AUT,Offline TA/TO,TA/TO,0,0,0,D,D,0,No Deposit,16.0,,0,Transient,98.1,0,0,Check-Out,28-07-2017,
Resort Hotel,0,0,2017,January,3,17,0,1,1,0.0,0,BB,ESP,Direct,Direct,1,0,1,A,A,0,No Deposit,,,0,Transient,57.0,0,0,Check-Out,18-01-2017,
City Hotel,1,113,2016,September,37,7,1,4,2,0.0,0,BB,PRT,Offline TA/TO,TA/TO,0,0,0,A,A,0,No Deposit,6.0,,0,Transient,118.8,0,0,Canceled,23-05-2016,
City Hotel,0,272,2017,July,28,12,0,3,2,2.0,0,BB,AUT,Online TA,TA/TO,0,0,0,F,F,3,No Deposit,9.0,,0,Transient-Party,179.1,0,2,Check-Out,15-07-2017,
City Hotel,1,11,2016,November,45,5,0,1,2,1.0,0,BB,GBR,Online TA,TA/TO,0,0,0,A,A,0,No Deposit,9.0,,0,Transient,150.0,0,1,Canceled,28-10-2016,
City Hotel,1,98,2015,November,48,23,1,2,1,0.0,0,BB,PRT,Groups,TA/TO,0,0,0,A,A,0,No Deposit,37.0,,0,Transient-Party,70.0,0,0,No-Show,23-11-2015,
City Hotel,1,292,2015,August,32,5,0,2,2,0.0,0,BB,PRT,Groups,TA/TO,0,1,0,A,A,0,Non Refund,1.0,,0,Transient-Party,62.0,0,0,Canceled,02-07-2015,
City Hotel,0,16,2016,December,50,4,2,0,2,1.0,0,BB,ESP,Online TA,TA/TO,0,0,0,A,A,0,No Deposit,9.0,,0,Transient,118.8,0,1,Check-Out,06-12-2016,
City Hotel,0,70,2016,April,17,22,2,2,2,0.0,0,BB,NLD,Online TA,TA/TO,0,0,0,A,A,0,No Deposit,9.0,,0,Transient,97.33,0,0,Check-Out,26-04-2016,
Resort Hotel,1,49,2015,July,30,20,3,6,2,0.0,0,FB,PRT,Offline TA/TO,TA/TO,0,0,0,D,D,0,No Deposit,15.0,,0,Transient,111.2,0,0,Canceled,01-06-2015,
City Hotel,1,379,2015,October,44,31,1,1,2,0.0,0,BB,PRT,Groups,TA/TO,0,1,0,A,A,0,Non Refund,1.0,,0,Transient,62.0,0,0,Canceled,23-07-2015,
Resort Hotel,1,289,2017,July,30,25,0,4,2,1.0,0,BB,AUS,Online TA,TA/TO,0,0,0,E,E,0,No Deposit,240.0,,0,Transient,172.8,0,0,Canceled,19-04-2017,
Resort Hotel,1,108,2016,April,18,29,2,2,2,0.0,0,HB,PRT,Groups,TA/TO,0,0,0,A,A,0,Non Refund,,,0,Transient,84.0,0,0,Canceled,12-02-2016,
Resort Hotel,0,128,2016,December,50,8,0,3,2,0.0,0,BB,GBR,Online TA,TA/TO,0,0,0,D,D,0,No Deposit,241.0,,0,Transient,36.04,0,2,Check-Out,11-12-2016,
Resort Hotel,0,18,2016,April,15,9,2,3,1,0.0,0,BB,GBR,Offline TA/TO,TA/TO,0,0,0,A,A,0,No Deposit,40.0,,0,Contract,33.3,0,0,Check-Out,14-04-2016,
Resort Hotel,1,46,2017,August,32,12,2,5,2,0.0,0,BB,PRT,Offline TA/TO,TA/TO,0,0,0,A,A,0,No Deposit,261.0,,0,Transient,212.0,0,0,Canceled,12-07-2017,
City Hotel,0,4,2015,August,33,11,0,5,2,0.0,0,BB,FRA,Online TA,TA/TO,0,0,0,A,A,0,No Deposit,9.0,,0,Contract,90.0,0,2,Check-Out,16-08-2015,
City Hotel,1,332,2017,April,16,22,1,1,2,1.0,0,BB,BEL,Online TA,TA/TO,0,0,0,A,A,0,No Deposit,9.0,,0,Transient,125.1,0,0,Canceled,07-06-2016,
City Hotel,0,28,2017,February,7,13,1,2,2,0.0,0,BB,FRA,Offline TA/TO,TA/TO,0,0,0,A,D,0,No Deposit,28.0,,0,Transient,75.0,0,0,Check-Out,16-02-2017,
Resort Hotel,0,1,2015,October,42,13,0,1,2,0.0,0,BB,USA,Online TA,TA/TO,0,0,0,D,D,1,No Deposit,240.0,,0,Transient,66.0,0,1,Check-Out,14-10-2015,
City Hotel,0,53,2015,October,41,9,1,2,2,0.0,0,BB,GBR,Online TA,TA/TO,0,0,0,A,A,0,No Deposit,9.0,,0,Contract,94.5,0,0,Check-Out,12-10-2015,
Resort Hotel,1,260,2015,December,52,20,4,9,1,0.0,0,BB,PRT,Online TA,TA/TO,0,0,0,D,D,0,No Deposit,240.0,,0,Transient,47.54,0,1,Canceled,24-08-2015,
Resort Hotel,0,166,2016,August,35,27,2,2,1,0.0,0,BB,GBR,Offline TA/TO,TA/TO,0,0,0,A,A,0,No Deposit,171.0,,0,Transient-Party,100.8,0,0,Check-Out,31-08-2016,
City Hotel,0,76,2017,July,29,16,2,3,2,0.0,0,BB,DEU,Direct,Direct,0,0,0,A,A,0,No Deposit,14.0,,0,Transient,108.0,0,0,Check-Out,21-07-2017,
City Hotel,0,1,2015,August,33,9,1,0,2,2.0,0,BB,PRT,Online TA,TA/TO,0,0,0,F,F,0,No Deposit,9.0,,0,Transient,153.0,0,2,Check-Out,10-08-2015,
City Hotel,0,172,2017,April,15,13,0,3,2,1.0,0,BB,ESP,Online TA,TA/TO,0,0,0,A,A,0,No Deposit,9.0,,0,Transient,153.0,0,2,Check-Out,16-04-2017,
City Hotel,0,2,2016,March,13,20,2,4,2,0.0,0,BB,PRT,Offline TA/TO,TA/TO,0,0,0,A,A,0,No Deposit,220.0,,0,Transient-Party,85.0,0,0,Check-Out,26-03-2016,
Resort Hotel,0,4,2017,June,23,6,0,3,1,0.0,0,BB,PRT,Offline TA/TO,TA/TO,1,0,3,A,A,0,No Deposit,146.0,,0,Transient,108.0,0,2,Check-Out,09-06-2017,
City Hotel,0,175,2017,August,35,31,1,3,2,0.0,0,BB,NLD,Offline TA/TO,TA/TO,0,0,0,A,A,1,No Deposit,42.0,,0,Transient,86.85,0,2,Check-Out,04-09-2017,
City Hotel,1,97,2015,October,41,5,1,3,1,0.0,0,BB,PRT,Groups,TA/TO,0,0,0,A,A,0,Non Refund,29.0,,0,Transient,140.0,0,0,Canceled,03-07-2015,
Resort Hotel,0,2,2015,October,41,9,0,1,1,0.0,0,BB,PRT,Groups,Corporate,0,0,1,A,D,0,No Deposit,,86.0,0,Transient,48.0,0,0,Check-Out,10-10-2015,
Resort Hotel,0,8,2015,July,28,7,0,4,3,2.0,0,BB,ESP,Online TA,TA/TO,0,0,0,H,H,2,No Deposit,240.0,,0,Transient,193.0,0,1,Check-Out,11-07-2015,
Resort Hotel,1,468,2016,May,20,12,0,2,2,0.0,0,HB,PRT,Groups,TA/TO,0,1,0,A,A,0,No Deposit,249.0,,0,Transient-Party,67.0,0,0,Canceled,30-07-2015,
Resort Hotel,0,36,2016,June,24,9,0,3,2,1.0,0,BB,ESP,Online TA,TA/TO,0,0,0,F,G,0,No Deposit,241.0,,0,Transient,153.03,1,1,Check-Out,12-06-2016,
City Hotel,1,262,2015,November,46,9,1,2,2,0.0,0,BB,PRT,Groups,TA/TO,0,1,0,A,A,0,Non Refund,1.0,,0,Transient,62.8,0,0,Canceled,04-09-2015,
City Hotel,1,91,2016,March,12,18,0,2,1,0.0,0,BB,PRT,Groups,TA/TO,0,0,0,A,A,0,Non Refund,29.0,,20,Transient,75.0,0,0,Canceled,03-02-2016,
City Hotel,0,50,2016,April,16,12,0,3,2,1.0,0,HB,FRA,Online TA,TA/TO,0,0,0,A,D,0,No Deposit,9.0,,0,Transient,164.25,0,2,Check-Out,15-04-2016,
City Hotel,0,32,2016,October,43,22,2,5,2,0.0,0,BB,FRA,Direct,Direct,0,0,0,A,A,0,No Deposit,,,0,Transient,118.0,0,2,Check-Out,29-10-2016,
City Hotel,1,19,2015,October,41,6,0,3,1,0.0,0,BB,PRT,Offline TA/TO,TA/TO,1,1,0,A,A,0,Non Refund,82.0,,0,Transient,80.0,0,0,Canceled,17-09-2015,
City Hotel,0,61,2016,April,18,30,1,1,2,0.0,0,BB,ESP,Offline TA/TO,TA/TO,0,0,0,A,B,1,No Deposit,85.0,,0,Transient,89.75,0,1,Check-Out,02-05-2016,
City Hotel,0,297,2017,July,29,21,2,2,2,1.0,0,BB,DEU,Direct,Direct,0,0,0,A,A,1,No Deposit,14.0,,0,Transient,102.1,0,0,Check-Out,25-07-2017,
City Hotel,0,131,2017,June,23,8,0,3,2,0.0,0,BB,USA,Online TA,TA/TO,0,0,0,A,A,0,No Deposit,9.0,,0,Transient,144.0,0,1,Check-Out,11-06-2017,
Resort Hotel,0,228,2016,September,37,5,6,15,2,0.0,0,HB,DEU,Direct,Direct,0,0,1,D,D,0,No Deposit,,,0,Transient,88.0,0,1,Check-Out,26-09-2016,
City Hotel,1,330,2016,June,23,2,0,2,2,0.0,0,BB,PRT,Groups,TA/TO,0,0,0,A,A,0,Non Refund,1.0,,0,Transient,62.0,0,0,Canceled,21-10-2015,
City Hotel,1,53,2016,May,21,18,0,2,2,0.0,0,BB,BRA,Online TA,TA/TO,0,0,0,A,A,0,No Deposit,9.0,,0,Transient,126.9,0,0,Canceled,28-03-2016,
City Hotel,0,144,2016,June,27,26,2,0,2,0.0,0,SC,GBR,Online TA,TA/TO,0,0,0,A,A,0,No Deposit,9.0,,0,Transient-Party,85.5,0,1,Check-Out,28-06-2016,
Resort Hotel,0,36,2015,December,53,27,2,0,2,0.0,0,HB,ESP,Offline TA/TO,TA/TO,0,0,0,A,D,1,No Deposit,6.0,,0,Transient,55.4,1,0,Check-Out,29-12-2015,
City Hotel,1,313,2017,April,17,29,2,1,2,0.0,0,BB,PRT,Offline TA/TO,TA/TO,0,0,0,A,A,0,Non Refund,6.0,,0,Transient,90.0,0,0,Canceled,23-02-2017,
Resort Hotel,1,32,2016,April,17,19,2,5,2,0.0,0,HB,PRT,Groups,Direct,0,0,0,D,D,0,No Deposit,273.0,,0,Transient-Party,69.36,0,0,Canceled,18-03-2016,
City Hotel,1,524,2016,December,51,15,0,2,2,0.0,0,BB,PRT,Groups,TA/TO,0,0,0,A,A,0,Non Refund,1.0,,0,Transient,62.8,0,0,Canceled,21-10-2015,
City Hotel,1,56,2017,March,12,21,0,3,2,0.0,0,BB,PRT,Offline TA/TO,TA/TO,0,0,0,A,A,0,Non Refund,86.0,,0,Transient,85.0,0,0,Canceled,24-01-2017,
City Hotel,1,138,2016,August,34,18,0,2,3,0.0,0,BB,ARE,Online TA,TA/TO,0,0,0,D,D,0,No Deposit,9.0,,0,Transient,142.2,0,0,Canceled,18-08-2016,
City Hotel,0,156,2016,August,35,21,2,1,2,0.0,0,SC,FRA,Online TA,TA/TO,0,0,0,A,A,0,No Deposit,9.0,,0,Transient,103.5,1,0,Check-Out,24-08-2016,
City Hotel,0,164,2015,October,40,2,0,2,1,0.0,0,BB,PRT,Offline TA/TO,TA/TO,0,0,0,A,A,0,No Deposit,19.0,,0,Transient-Party,100.0,0,0,Check-Out,04-10-2015,
Resort Hotel,0,8,2015,November,48,25,0,1,1,0.0,0,BB,,Corporate,Corporate,0,0,7,A,D,0,No Deposit,,204.0,0,Transient,35.0,0,1,Check-Out,26-11-2015,
Resort Hotel,0,2,2016,November,47,18,0,2,2,0.0,0,HB,DEU,Direct,TA/TO,0,0,0,A,D,0,No Deposit,,,0,Transient,73.8,0,2,Check-Out,20-11-2016,
City Hotel,1,391,2016,July,31,27,0,2,2,0.0,0,BB,PRT,Groups,TA/TO,0,0,0,A,A,0,Non Refund,1.0,,0,Transient,65.0,0,0,Canceled,09-12-2015,
City Hotel,0,66,2016,November,48,24,0,3,2,0.0,0,BB,FRA,Offline TA/TO,TA/TO,0,0,0,A,D,0,No Deposit,28.0,,0,Transient,75.0,0,0,Check-Out,27-11-2016,
City Hotel,0,256,2016,August,36,31,0,4,2,0.0,0,BB,DEU,Online TA,TA/TO,0,0,0,A,A,0,No Deposit,9.0,,0,Transient-Party,90.95,0,0,Check-Out,04-09-2016,
City Hotel,1,94,2016,August,35,23,0,2,2,0.0,0,BB,GBR,Online TA,TA/TO,0,0,0,A,A,0,No Deposit,9.0,,0,Transient,117.9,0,0,Canceled,22-05-2016,
Resort Hotel,0,94,2017,February,7,13,1,3,3,0.0,0,HB,JAM,Groups,TA/TO,0,0,0,A,A,1,No Deposit,152.0,,0,Transient-Party,88.0,0,0,Check-Out,17-02-2017,
City Hotel,1,97,2015,October,41,5,1,3,1,0.0,0,BB,PRT,Groups,TA/TO,0,0,0,A,A,0,Non Refund,29.0,,0,Transient,140.0,0,0,Canceled,03-07-2015,
City Hotel,0,56,2016,March,10,3,1,3,2,0.0,0,BB,ESP,Groups,Corporate,0,0,0,A,A,0,No Deposit,,,0,Transient-Party,72.0,0,0,Check-Out,07-03-2016,
City Hotel,1,191,2017,April,14,6,2,3,2,0.0,0,BB,PRT,Online TA,TA/TO,0,0,0,A,A,0,No Deposit,83.0,,0,Transient,88.4,0,0,Canceled,28-09-2016,
Resort Hotel,1,9,2016,July,27,1,0,2,2,0.0,0,BB,PRT,Online TA,TA/TO,0,0,0,F,F,0,No Deposit,242.0,,0,Transient,169.0,0,1,No-Show,01-07-2016,
City Hotel,0,81,2016,October,45,30,2,1,2,0.0,0,BB,IRL,Direct,Direct,0,0,0,A,A,0,No Deposit,14.0,,0,Transient,79.8,0,0,Check-Out,02-11-2016,
City Hotel,1,150,2016,January,4,18,1,4,1,0.0,0,BB,PRT,Offline TA/TO,TA/TO,0,0,0,A,A,1,No Deposit,19.0,,63,Transient-Party,80.0,0,0,Canceled,14-12-2015,
Resort Hotel,0,210,2017,August,33,19,2,5,3,0.0,0,HB,PRT,Offline TA/TO,TA/TO,0,0,0,A,A,0,No Deposit,261.0,,0,Transient,187.24,0,0,Check-Out,26-08-2017,
City Hotel,0,448,2017,June,24,17,2,1,2,0.0,0,BB,GBR,Groups,TA/TO,0,0,0,A,A,0,No Deposit,229.0,,0,Transient-Party,112.67,0,1,Check-Out,20-06-2017,
City Hotel,0,152,2016,July,29,10,2,2,2,0.0,0,BB,PRT,Online TA,TA/TO,0,0,0,D,D,3,No Deposit,9.0,,0,Transient,134.3,0,3,Check-Out,14-07-2016,
City Hotel,0,14,2015,September,36,4,2,2,2,0.0,0,HB,ESP,Online TA,TA/TO,0,0,0,A,B,0,No Deposit,15.0,,0,Transient,113.0,1,3,Check-Out,08-09-2015,
City Hotel,1,135,2017,April,16,21,1,2,2,0.0,0,BB,PRT,Groups,TA/TO,0,0,0,A,A,0,Non Refund,3.0,,0,Transient,90.0,0,0,Canceled,07-12-2016,
City Hotel,0,36,2016,September,40,28,0,3,2,0.0,0,BB,DEU,Groups,TA/TO,0,0,0,A,B,0,No Deposit,21.0,,0,Transient-Party,87.0,0,0,Check-Out,01-10-2016,
City Hotel,0,70,2016,January,5,27,2,5,2,0.0,0,BB,DEU,Offline TA/TO,TA/TO,0,0,0,D,D,0,No Deposit,27.0,,0,Transient,52.0,0,0,Check-Out,03-02-2016,
Resort Hotel,0,236,2016,May,20,12,0,3,2,0.0,0,BB,GBR,Groups,TA/TO,0,0,0,A,I,0,No Deposit,315.0,,0,Transient-Party,54.0,1,0,Check-Out,15-05-2016,
City Hotel,0,1,2017,February,5,3,1,2,2,0.0,0,BB,ESP,Online TA,TA/TO,0,0,0,A,A,0,No Deposit,9.0,,0,Transient,117.0,0,1,Check-Out,06-02-2017,
City Hotel,1,316,2017,May,19,10,0,2,2,0.0,0,BB,PRT,Online TA,TA/TO,0,0,0,D,D,0,No Deposit,9.0,,0,Transient,123.3,0,1,Canceled,09-01-2017,
City Hotel,0,200,2015,October,40,2,1,2,2,0.0,0,BB,IRL,Online TA,TA/TO,0,0,0,A,A,0,No Deposit,8.0,,0,Transient,89.25,0,1,Check-Out,05-10-2015,
City Hotel,1,277,2016,November,46,7,1,2,2,0.0,0,BB,PRT,Groups,TA/TO,0,0,0,A,A,0,Non Refund,,,0,Transient,100.0,0,0,Canceled,04-04-2016,
City Hotel,0,2,2015,August,33,9,1,0,2,0.0,0,BB,PRT,Direct,Direct,0,0,0,E,E,0,No Deposit,,,0,Transient,67.5,0,2,Check-Out,10-08-2015,
Resort Hotel,0,242,2017,May,18,1,4,10,2,0.0,0,HB,DEU,Offline TA/TO,TA/TO,0,0,0,E,E,0,No Deposit,75.0,,0,Transient,84.15,0,1,Check-Out,15-05-2017,
City Hotel,0,4,2016,February,7,7,2,2,1,0.0,0,BB,FRA,Online TA,TA/TO,0,0,0,A,A,0,No Deposit,7.0,,0,Transient,76.22,1,1,Check-Out,11-02-2016,
City Hotel,1,56,2016,June,24,8,0,1,2,0.0,0,BB,PRT,Offline TA/TO,Corporate,0,0,0,A,A,0,No Deposit,191.0,,0,Transient-Party,120.0,0,0,Canceled,02-06-2016,
City Hotel,1,253,2016,September,40,26,1,2,1,0.0,0,BB,USA,Online TA,TA/TO,0,0,0,A,A,1,No Deposit,9.0,,0,Transient,2.0,0,0,Canceled,18-01-2016,
City Hotel,1,357,2017,May,21,24,0,2,2,0.0,0,BB,GBR,Online TA,TA/TO,0,0,0,A,A,0,No Deposit,9.0,,0,Transient,109.8,0,1,Canceled,10-05-2017,
City Hotel,1,118,2017,June,23,10,0,1,2,0.0,0,BB,SWE,Online TA,TA/TO,0,0,0,A,A,0,No Deposit,9.0,,0,Transient,160.0,0,0,Canceled,26-04-2017,
Resort Hotel,0,170,2017,July,29,16,5,10,2,0.0,0,HB,FRA,Offline TA/TO,TA/TO,0,0,0,E,E,0,No Deposit,6.0,,0,Transient,163.8,0,0,Check-Out,31-07-2017,
Resort Hotel,0,207,2016,October,41,4,1,5,2,0.0,0,HB,GBR,Offline TA/TO,TA/TO,0,0,0,A,A,1,No Deposit,243.0,,0,Transient,70.0,0,0,Check-Out,10-10-2016,
City Hotel,1,87,2017,April,15,15,2,2,2,0.0,0,BB,PRT,Groups,TA/TO,0,0,0,A,A,0,Non Refund,1.0,,0,Transient,95.0,0,0,Canceled,18-01-2017,
City Hotel,1,37,2017,March,11,15,0,2,2,0.0,0,BB,PRT,Groups,TA/TO,0,0,0,A,A,0,Non Refund,378.0,,0,Transient,110.0,0,0,Canceled,06-02-2017,
City Hotel,0,110,2017,April,15,10,1,2,2,0.0,0,SC,IRL,Online TA,TA/TO,0,0,0,A,A,0,No Deposit,9.0,,0,Transient,99.0,0,1,Check-Out,13-04-2017,
Resort Hotel,0,0,2015,November,45,4,0,2,1,0.0,0,BB,PRT,Online TA,TA/TO,0,0,0,A,A,1,No Deposit,240.0,,0,Transient,44.1,0,1,Check-Out,06-11-2015,
City Hotel,1,74,2015,September,38,18,0,2,2,0.0,0,HB,PRT,Offline TA/TO,TA/TO,0,0,0,A,A,0,Non Refund,6.0,,0,Transient-Party,101.5,0,0,Canceled,06-07-2015,
Resort Hotel,0,143,2017,March,10,5,2,5,2,0.0,0,HB,DEU,Offline TA/TO,TA/TO,0,0,0,D,E,0,No Deposit,177.0,,0,Transient,52.4,0,0,Check-Out,12-03-2017,
City Hotel,0,2,2015,December,50,11,0,1,2,0.0,0,SC,PRT,Online TA,TA/TO,0,0,0,A,A,0,No Deposit,9.0,,0,Transient,94.0,1,0,Check-Out,12-12-2015,
City Hotel,1,344,2016,June,25,16,0,2,2,0.0,0,BB,PRT,Groups,TA/TO,0,0,0,A,A,0,Non Refund,1.0,,0,Transient,62.0,0,0,Canceled,21-10-2015,
City Hotel,1,43,2016,November,49,29,4,11,1,0.0,0,BB,AGO,Online TA,TA/TO,0,0,0,A,A,0,No Deposit,9.0,,0,Transient,74.8,0,1,Canceled,14-11-2016,
City Hotel,0,100,2017,August,31,1,2,5,2,0.0,0,SC,NOR,Online TA,TA/TO,0,0,0,A,A,0,No Deposit,9.0,,0,Transient-Party,125.0,0,0,Check-Out,08-08-2017,
City Hotel,1,92,2015,July,27,1,2,4,2,0.0,0,BB,PRT,Online TA,TA/TO,0,0,0,A,A,0,No Deposit,9.0,,0,Transient,76.5,0,2,Canceled,23-06-2015,
City Hotel,1,215,2017,April,15,14,2,2,2,0.0,0,SC,CN,Online TA,TA/TO,0,0,0,A,A,0,No Deposit,9.0,,0,Transient,110.0,0,1,Canceled,31-10-2016,
Resort Hotel,1,208,2016,April,17,19,2,5,2,0.0,0,HB,PRT,Groups,Direct,0,0,0,E,E,0,Non Refund,273.0,,0,Transient,60.3,0,0,Canceled,18-03-2016,
City Hotel,0,158,2017,March,13,27,1,1,2,0.0,0,BB,ISR,Groups,TA/TO,0,0,0,A,D,0,No Deposit,37.0,,0,Transient-Party,95.0,0,1,Check-Out,29-03-2017,
Resort Hotel,1,78,2015,October,41,9,1,2,2,0.0,0,FB,ESP,Groups,TA/TO,0,0,0,A,A,0,Non Refund,134.0,,0,Transient,92.0,0,0,Canceled,14-08-2015,
Resort Hotel,0,49,2015,July,31,27,1,5,2,0.0,0,BB,PRT,Online TA,TA/TO,0,0,0,A,A,0,No Deposit,240.0,,0,Transient,118.17,0,0,Check-Out,02-08-2015,
Resort Hotel,0,0,2017,February,7,17,1,2,2,0.0,0,BB,DEU,Direct,Direct,0,0,0,E,E,0,No Deposit,,,0,Transient,76.0,0,0,Check-Out,20-02-2017,
City Hotel,0,133,2017,July,27,7,1,2,2,0.0,0,BB,DEU,Online TA,TA/TO,0,0,0,A,A,0,No Deposit,9.0,,0,Transient,107.1,0,2,Check-Out,10-07-2017,
City Hotel,1,80,2017,January,3,20,0,2,2,0.0,0,BB,ESP,Online TA,TA/TO,0,0,0,A,A,0,No Deposit,9.0,,0,Transient,93.6,0,0,Canceled,04-01-2017,
Resort Hotel,1,199,2016,May,19,2,1,1,2,0.0,0,HB,PRT,Groups,TA/TO,0,0,0,A,A,0,No Deposit,298.0,,0,Transient-Party,85.0,0,0,Canceled,18-04-2016,
Resort Hotel,1,40,2016,July,30,22,2,4,2,0.0,0,BB,DZA,Online TA,TA/TO,0,0,0,D,D,0,No Deposit,240.0,,0,Transient,194.0,0,0,Canceled,12-06-2016,
City Hotel,1,2,2016,November,45,2,0,2,1,0.0,0,BB,PRT,Aviation,Corporate,0,0,0,D,D,0,No Deposit,,153.0,0,Transient,94.0,0,0,Canceled,02-11-2016,
City Hotel,0,13,2016,March,14,27,2,2,2,0.0,0,BB,DEU,Offline TA/TO,TA/TO,0,0,0,A,A,0,No Deposit,138.0,,0,Transient,79.15,0,0,Check-Out,31-03-2016,
City Hotel,0,5,2016,November,46,6,2,3,2,0.0,0,SC,USA,Online TA,TA/TO,0,0,0,A,A,0,No Deposit,7.0,,0,Transient,106.68,0,1,Check-Out,11-11-2016,
City Hotel,1,153,2015,August,32,3,1,2,2,0.0,0,BB,PRT,Groups,TA/TO,0,1,0,A,A,0,Non Refund,1.0,,0,Transient,60.0,0,0,Canceled,19-05-2015,
City Hotel,0,54,2016,February,7,8,1,4,2,0.0,0,BB,DEU,Online TA,TA/TO,0,0,0,A,A,0,No Deposit,9.0,,0,Transient,75.95,0,1,Check-Out,13-02-2016,
Resort Hotel,0,10,2017,February,7,12,1,0,2,0.0,0,BB,PRT,Online TA,TA/TO,0,0,0,A,A,0,No Deposit,240.0,,0,Transient,48.0,0,1,Check-Out,13-02-2017,
Resort Hotel,1,23,2016,August,32,4,0,3,2,1.0,0,HB,PRT,Online TA,TA/TO,0,0,0,A,A,0,No Deposit,242.0,,0,Transient,272.7,0,0,Canceled,30-07-2016,
City Hotel,0,235,2016,August,32,6,1,1,2,0.0,0,BB,PRT,Online TA,TA/TO,0,0,0,A,A,0,No Deposit,9.0,,0,Transient-Party,105.3,1,2,Check-Out,08-08-2016,
City Hotel,0,242,2016,October,44,28,2,2,2,1.0,0,BB,FRA,Online TA,TA/TO,0,0,0,D,D,0,No Deposit,7.0,,0,Transient,95.13,0,1,Check-Out,01-11-2016,
City Hotel,1,185,2017,May,19,12,2,3,2,0.0,0,SC,AUT,Online TA,TA/TO,0,0,0,A,A,0,No Deposit,9.0,,0,Transient,114.3,0,0,Canceled,08-11-2016,
City Hotel,1,16,2016,October,44,29,2,1,2,0.0,0,BB,ESP,Online TA,TA/TO,0,0,0,A,A,0,No Deposit,9.0,,0,Transient,140.0,0,2,Canceled,24-10-2016,
City Hotel,1,229,2017,July,28,12,1,4,2,0.0,0,BB,PRT,Groups,TA/TO,0,0,0,A,A,0,Non Refund,,,0,Transient,110.0,0,0,Canceled,25-11-2016,
City Hotel,1,158,2016,May,22,24,0,2,1,0.0,0,BB,PRT,Groups,TA/TO,0,0,0,A,A,0,Non Refund,37.0,,31,Transient,130.0,0,0,Canceled,18-01-2016,
City Hotel,0,17,2015,September,39,26,2,2,1,0.0,0,BB,USA,Groups,TA/TO,0,0,0,A,A,1,No Deposit,1.0,,0,Transient-Party,170.0,0,0,Check-Out,30-09-2015,
Resort Hotel,0,149,2017,July,30,26,0,4,2,2.0,0,BB,CHE,Direct,Direct,0,0,0,C,C,0,No Deposit,250.0,,0,Transient,211.25,0,0,Check-Out,30-07-2017,
Resort Hotel,0,163,2015,October,43,23,1,2,1,0.0,0,BB,GBR,Online TA,TA/TO,0,0,0,A,C,0,No Deposit,240.0,,0,Transient-Party,47.0,0,1,Check-Out,26-10-2015,
Resort Hotel,0,1,2016,August,33,11,0,1,1,0.0,0,BB,PRT,Direct,Direct,0,0,0,A,A,0,No Deposit,250.0,,0,Transient,149.0,0,0,Check-Out,12-08-2016,
Resort Hotel,0,81,2016,April,15,3,2,3,2,0.0,0,BB,PRT,Online TA,TA/TO,0,0,0,A,A,0,No Deposit,240.0,,0,Transient,52.2,0,1,Check-Out,08-04-2016,
City Hotel,0,91,2017,April,14,2,2,2,2,0.0,0,BB,DEU,Online TA,TA/TO,0,0,0,A,A,2,No Deposit,9.0,,0,Transient,117.0,0,4,Check-Out,06-04-2017,
City Hotel,0,122,2016,April,16,15,0,2,2,0.0,0,BB,PRT,Offline TA/TO,TA/TO,0,0,0,A,A,0,No Deposit,151.0,,56,Transient-Party,85.0,0,0,Check-Out,17-04-2016,
City Hotel,1,143,2016,November,47,17,0,1,1,0.0,0,BB,BRA,Online TA,TA/TO,0,0,0,A,A,0,No Deposit,9.0,,0,Transient,84.6,0,1,Canceled,15-08-2016,
Resort Hotel,0,120,2015,August,32,4,2,5,2,0.0,0,BB,FRA,Offline TA/TO,TA/TO,0,0,0,A,D,0,No Deposit,6.0,,0,Transient-Party,90.95,0,1,Check-Out,11-08-2015,
City Hotel,1,113,2016,February,9,25,0,3,2,0.0,0,BB,PRT,Offline TA/TO,TA/TO,0,1,0,A,A,0,Non Refund,19.0,,44,Transient,75.0,0,0,Canceled,18-12-2015,
City Hotel,1,395,2016,March,13,21,1,2,2,0.0,0,BB,PRT,Groups,TA/TO,0,1,0,A,A,0,Non Refund,1.0,,0,Transient,62.8,0,0,Canceled,10-08-2015,
City Hotel,1,391,2016,August,32,4,0,1,1,0.0,0,BB,PRT,Groups,TA/TO,0,0,0,A,A,0,Non Refund,1.0,,0,Transient,59.0,0,0,Canceled,21-10-2015,
City Hotel,0,71,2017,July,27,7,1,2,2,0.0,0,BB,NOR,Online TA,TA/TO,0,0,0,D,D,0,No Deposit,9.0,,0,Transient,150.0,0,1,Check-Out,10-07-2017,
Resort Hotel,0,7,2017,March,9,2,1,3,1,0.0,0,BB,GBR,Groups,Corporate,0,0,0,A,A,1,No Deposit,,223.0,0,Transient-Party,29.0,0,0,Check-Out,06-03-2017,
City Hotel,1,151,2015,July,30,25,2,1,2,0.0,0,HB,PRT,Groups,TA/TO,0,1,0,A,A,0,Non Refund,1.0,,0,Transient-Party,86.0,0,0,Canceled,09-07-2015,
City Hotel,1,277,2016,November,46,7,1,2,2,0.0,0,BB,PRT,Groups,TA/TO,0,0,0,A,A,0,Non Refund,,,0,Transient,100.0,0,0,Canceled,04-04-2016,
City Hotel,1,169,2017,June,23,8,0,3,2,0.0,0,BB,PRT,Offline TA/TO,TA/TO,0,0,0,A,A,0,Non Refund,19.0,,0,Transient,170.0,0,0,Canceled,21-12-2016,
City Hotel,0,158,2016,May,22,25,0,4,2,1.0,0,BB,AUT,Online TA,TA/TO,0,0,0,A,D,13,No Deposit,9.0,,0,Transient,114.75,0,1,Check-Out,29-05-2016,
Resort Hotel,1,50,2016,October,44,29,0,1,2,0.0,0,BB,ESP,Online TA,TA/TO,0,0,0,E,E,0,No Deposit,240.0,,0,Transient,88.0,0,1,Canceled,19-10-2016,
City Hotel,0,0,2017,July,27,2,1,0,2,0.0,0,SC,PRT,Direct,Direct,0,0,0,B,B,1,No Deposit,,,0,Transient,98.0,0,0,Check-Out,03-07-2017,
City Hotel,0,73,2017,July,30,24,1,3,2,0.0,0,BB,NLD,Online TA,TA/TO,0,0,0,A,A,0,No Deposit,159.0,,0,Transient,147.5,0,0,Check-Out,28-07-2017,
City Hotel,0,0,2016,April,18,28,0,1,1,0.0,0,BB,GBR,Offline TA/TO,TA/TO,0,0,0,A,E,0,No Deposit,94.0,,0,Transient-Party,45.0,0,2,Check-Out,29-04-2016,
Resort Hotel,0,0,2017,May,18,5,0,2,2,0.0,0,BB,PRT,Online TA,TA/TO,0,0,0,A,A,0,No Deposit,240.0,,0,Transient,80.0,0,0,Check-Out,07-05-2017,
City Hotel,1,316,2016,May,21,19,0,2,2,0.0,0,BB,PRT,Groups,TA/TO,0,0,0,A,A,0,Non Refund,1.0,,0,Transient,62.0,0,0,Canceled,22-10-2015,
City Hotel,0,158,2017,March,13,27,1,1,2,0.0,0,BB,ISR,Groups,TA/TO,0,0,0,A,A,0,No Deposit,37.0,,0,Transient-Party,95.0,0,0,Check-Out,29-03-2017,
Resort Hotel,1,43,2017,January,4,27,1,2,2,0.0,0,BB,GBR,Online TA,TA/TO,0,0,0,A,A,0,No Deposit,240.0,,0,Transient-Party,48.0,0,0,Canceled,05-01-2017,
City Hotel,1,364,2015,October,42,16,0,2,2,0.0,0,HB,PRT,Offline TA/TO,TA/TO,0,1,0,A,A,0,Non Refund,6.0,,0,Transient-Party,101.5,0,0,Canceled,06-07-2015,
Resort Hotel,1,219,2016,March,10,2,2,5,2,0.0,0,HB,PRT,Offline TA/TO,TA/TO,0,0,0,A,A,0,Non Refund,310.0,,0,Transient,52.0,0,0,Canceled,20-11-2015,
City Hotel,1,288,2016,May,19,5,0,3,2,0.0,0,BB,PRT,Groups,TA/TO,0,0,0,A,A,0,No Deposit,1.0,,236,Transient-Party,65.0,0,0,Canceled,14-03-2016,
Resort Hotel,0,162,2016,March,13,24,0,3,2,0.0,0,Undefined,ESP,Groups,TA/TO,0,0,0,A,A,0,No Deposit,,,0,Transient-Party,84.0,0,0,Check-Out,27-03-2016,
City Hotel,0,97,2016,August,32,5,1,2,3,0.0,0,BB,IRL,Online TA,TA/TO,0,0,0,D,D,0,No Deposit,9.0,,0,Transient,150.3,0,1,Check-Out,08-08-2016,
Resort Hotel,1,21,2017,July,29,17,1,3,2,0.0,0,BB,MAR,Online TA,TA/TO,0,0,0,E,E,0,No Deposit,240.0,,0,Transient,230.0,0,1,Canceled,29-06-2017,
City Hotel,0,214,2016,November,48,20,2,1,1,0.0,0,BB,ESP,Groups,Corporate,0,0,0,A,D,2,No Deposit,,233.0,0,Transient,75.0,0,0,Check-Out,23-11-2016,
City Hotel,0,1,2016,December,53,29,0,2,2,0.0,0,SC,USA,Online TA,TA/TO,0,0,0,A,A,1,No Deposit,9.0,,0,Transient,120.0,0,1,Check-Out,31-12-2016,
City Hotel,0,18,2017,February,7,17,0,2,2,0.0,0,BB,ESP,Direct,Direct,0,0,0,D,D,0,No Deposit,14.0,,0,Transient,98.88,0,0,Check-Out,19-02-2017,
City Hotel,0,142,2016,May,19,6,1,2,2,0.0,0,BB,FRA,Online TA,TA/TO,0,0,0,D,D,0,No Deposit,9.0,,0,Transient,114.3,0,0,Check-Out,09-05-2016,
City Hotel,0,99,2017,May,22,30,0,4,2,0.0,0,HB,BEL,Online TA,TA/TO,0,0,0,A,A,1,No Deposit,9.0,,0,Transient,169.2,0,2,Check-Out,03-06-2017,
Resort Hotel,1,320,2017,July,27,4,0,3,2,0.0,0,BB,FRA,Online TA,TA/TO,0,0,0,A,A,0,No Deposit,240.0,,0,Transient,93.38,0,0,Canceled,18-08-2016,
City Hotel,1,211,2016,May,21,20,0,2,2,0.0,0,BB,PRT,Offline TA/TO,TA/TO,0,0,0,A,A,0,Non Refund,6.0,,111,Transient,100.0,0,0,Canceled,18-03-2016,
Resort Hotel,1,198,2016,October,42,15,2,5,2,0.0,0,BB,AUT,Online TA,TA/TO,0,0,0,D,D,1,No Deposit,240.0,,0,Transient-Party,68.0,0,0,Canceled,02-08-2016,
City Hotel,0,37,2016,June,27,29,0,1,3,0.0,0,BB,GBR,Offline TA/TO,TA/TO,0,0,0,A,G,0,No Deposit,22.0,,0,Transient,111.6,0,1,Check-Out,30-06-2016,
City Hotel,1,408,2017,May,22,30,0,1,2,0.0,0,BB,PRT,Groups,TA/TO,0,0,0,A,A,0,Non Refund,229.0,,0,Transient,90.0,0,0,Canceled,05-05-2017,
City Hotel,1,27,2017,February,8,23,0,3,2,0.0,0,BB,ITA,Online TA,TA/TO,0,0,0,D,D,0,No Deposit,9.0,,0,Transient,118.0,0,0,Canceled,29-01-2017,
City Hotel,1,110,2015,July,30,25,2,1,2,0.0,0,HB,ITA,Offline TA/TO,TA/TO,0,0,0,A,A,0,No Deposit,17.0,,0,Transient-Party,94.5,0,0,Canceled,16-07-2015,
City Hotel,1,129,2017,June,22,2,1,2,2,0.0,0,BB,PRT,Groups,TA/TO,0,0,0,A,A,0,Non Refund,154.0,,0,Transient,130.0,0,0,Canceled,24-01-2017,
Resort Hotel,1,275,2015,October,41,4,2,0,2,0.0,0,HB,PRT,Offline TA/TO,TA/TO,0,26,0,A,A,0,Non Refund,208.0,,0,Transient,50.0,0,0,Canceled,30-01-2015,
City Hotel,0,152,2016,July,29,11,1,1,2,0.0,0,BB,PRT,Online TA,TA/TO,0,0,0,A,A,2,No Deposit,9.0,,0,Transient-Party,99.0,0,2,Check-Out,13-07-2016,
Resort Hotel,0,43,2017,June,24,11,2,5,2,0.0,0,BB,FRA,Online TA,TA/TO,0,0,0,A,A,0,No Deposit,240.0,,0,Transient,140.0,0,1,Check-Out,18-06-2017,
City Hotel,0,19,2016,February,7,13,0,1,2,0.0,0,BB,PRT,Direct,Direct,0,0,0,D,D,0,No Deposit,,,0,Transient,100.5,0,2,Check-Out,14-02-2016,
City Hotel,0,107,2016,June,24,10,0,2,1,0.0,0,BB,ESP,Offline TA/TO,TA/TO,0,0,0,A,A,1,No Deposit,187.0,,0,Transient-Party,120.0,0,0,Check-Out,12-06-2016,
City Hotel,1,16,2016,February,9,27,2,5,1,0.0,0,BB,NGA,Direct,Direct,0,0,0,D,D,0,No Deposit,14.0,,0,Transient,101.0,0,0,No-Show,27-02-2016,
City Hotel,1,281,2016,April,16,14,0,2,2,0.0,0,BB,PRT,Groups,TA/TO,0,0,0,A,A,0,Non Refund,1.0,,0,Transient,62.0,0,0,Canceled,21-10-2015,
City Hotel,0,1,2017,August,35,27,1,0,1,0.0,0,SC,ESP,Online TA,TA/TO,0,0,0,A,A,1,No Deposit,9.0,,0,Transient,80.1,0,0,Check-Out,28-08-2017,
City Hotel,1,88,2017,June,24,17,0,1,2,1.0,0,HB,ESP,Online TA,TA/TO,0,0,0,A,A,0,No Deposit,9.0,,0,Transient,204.3,0,0,Canceled,28-03-2017,
Resort Hotel,0,4,2016,August,35,23,0,1,1,0.0,0,BB,PRT,Corporate,Corporate,0,0,0,A,D,0,No Deposit,,42.0,0,Transient,138.0,1,0,Check-Out,24-08-2016,
City Hotel,0,111,2017,May,20,14,2,1,2,0.0,0,BB,AUT,Online TA,TA/TO,0,0,0,D,D,0,No Deposit,83.0,,0,Transient,117.6,0,0,Check-Out,17-05-2017,
City Hotel,0,74,2015,September,38,18,0,2,2,0.0,0,HB,PRT,Offline TA/TO,TA/TO,0,0,0,A,A,0,No Deposit,6.0,,0,Transient-Party,109.0,0,0,Check-Out,20-09-2015,
Resort Hotel,1,190,2017,July,29,17,2,5,3,0.0,0,Undefined,CHE,Direct,Direct,0,0,0,D,D,3,No Deposit,250.0,,0,Transient,274.45,0,0,Canceled,03-07-2017,
Resort Hotel,0,11,2015,December,50,6,2,0,2,0.0,0,BB,ESP,Offline TA/TO,TA/TO,0,0,0,D,D,0,No Deposit,5.0,,0,Transient,37.0,0,0,Check-Out,08-12-2015,
City Hotel,1,46,2017,March,10,6,2,5,2,0.0,0,BB,PRT,Online TA,TA/TO,0,0,0,D,D,2,No Deposit,8.0,,0,Transient,100.3,0,0,Canceled,29-01-2017,
Resort Hotel,0,240,2016,October,43,21,2,5,2,0.0,0,HB,GBR,Offline TA/TO,TA/TO,0,0,0,E,E,0,No Deposit,2.0,,0,Contract,84.95,1,2,Check-Out,28-10-2016,
City Hotel,1,279,2015,July,30,23,0,2,2,0.0,0,BB,PRT,Groups,TA/TO,0,1,0,A,A,0,No Deposit,1.0,,0,Contract,62.0,0,0,Canceled,01-01-2015,
City Hotel,1,2,2015,November,46,9,3,8,2,0.0,0,BB,PRT,Direct,Direct,0,0,0,A,A,0,No Deposit,14.0,,0,Transient,95.81,0,0,Canceled,09-11-2015,
Resort Hotel,0,54,2015,August,34,18,0,5,2,0.0,0,HB,ESP,Online TA,TA/TO,0,0,0,A,A,0,No Deposit,241.0,,0,Transient,151.23,0,1,Check-Out,23-08-2015,
City Hotel,0,9,2017,February,6,8,0,4,2,0.0,0,BB,FRA,Direct,Direct,0,0,0,B,A,1,No Deposit,14.0,,0,Transient,91.1,0,0,Check-Out,12-02-2017,
City Hotel,0,64,2016,October,45,31,1,2,2,0.0,0,BB,BEL,Online TA,TA/TO,0,0,0,D,D,0,No Deposit,9.0,,0,Transient,105.6,0,4,Check-Out,03-11-2016,
City Hotel,1,594,2017,February,8,23,0,2,2,0.0,0,BB,PRT,Groups,TA/TO,0,0,0,A,A,0,Non Refund,1.0,,0,Transient,62.0,0,0,Canceled,21-10-2015,
City Hotel,1,23,2016,February,7,12,1,2,2,0.0,0,BB,NLD,Online TA,TA/TO,0,0,0,A,A,0,No Deposit,9.0,,0,Transient,72.8,0,0,Canceled,24-01-2016,
Resort Hotel,0,30,2015,August,35,28,0,1,2,0.0,0,BB,ESP,Direct,Direct,0,0,0,A,G,0,No Deposit,250.0,,0,Transient,115.0,0,3,Check-Out,29-08-2015,
City Hotel,0,4,2017,April,15,12,0,3,2,0.0,0,SC,CZE,Online TA,TA/TO,0,0,0,A,A,0,No Deposit,9.0,,0,Transient,156.67,0,2,Check-Out,15-04-2017,
City Hotel,1,84,2017,May,19,12,0,2,3,0.0,0,BB,ITA,Online TA,TA/TO,0,0,0,D,D,0,No Deposit,9.0,,0,Transient,189.0,0,0,Canceled,24-04-2017,
City Hotel,1,92,2016,November,49,29,0,3,2,0.0,0,BB,PRT,Groups,TA/TO,0,0,0,A,A,0,Non Refund,,348.0,50,Transient,90.0,0,0,Canceled,15-11-2016,
City Hotel,0,4,2016,September,38,13,0,3,2,0.0,0,BB,FRA,Online TA,TA/TO,0,0,0,D,D,0,No Deposit,9.0,,0,Transient,174.67,0,1,Check-Out,16-09-2016,
City Hotel,1,32,2016,November,46,11,0,2,2,0.0,0,BB,FRA,Online TA,TA/TO,0,0,0,A,A,0,No Deposit,9.0,,0,Transient,130.0,0,1,Canceled,17-10-2016,
Resort Hotel,0,0,2017,February,8,22,0,1,2,0.0,0,BB,FIN,Direct,Direct,0,0,0,E,E,0,No Deposit,,,0,Transient,80.0,0,0,Check-Out,23-02-2017,
City Hotel,0,8,2017,April,15,13,1,3,2,0.0,0,SC,ESP,Online TA,TA/TO,0,0,0,A,A,0,No Deposit,9.0,,0,Transient,185.25,0,1,Check-Out,17-04-2017,
City Hotel,0,73,2016,July,29,12,0,1,2,0.0,0,SC,CN,Direct,Direct,0,0,0,A,A,0,No Deposit,14.0,,0,Transient,105.0,0,1,Check-Out,13-07-2016,
City Hotel,1,184,2017,May,22,28,2,3,2,0.0,0,BB,PRT,Groups,TA/TO,0,0,0,A,A,0,Non Refund,19.0,,0,Transient,130.0,0,0,Canceled,25-11-2016,
City Hotel,1,85,2015,July,30,24,2,3,2,0.0,0,BB,PRT,Online TA,TA/TO,0,0,0,A,A,0,No Deposit,9.0,,0,Transient,76.5,0,0,Canceled,20-05-2015,
Resort Hotel,0,11,2016,January,3,15,0,2,3,1.0,0,BB,PRT,Online TA,TA/TO,0,0,0,H,H,0,No Deposit,240.0,,0,Transient,71.2,0,0,Check-Out,17-01-2016,
City Hotel,0,4,2016,July,31,27,0,3,3,0.0,0,BB,JPN,Online TA,TA/TO,0,0,0,D,D,0,No Deposit,9.0,,0,Transient,177.0,1,1,Check-Out,30-07-2016,
City Hotel,0,26,2015,October,44,31,2,5,2,0.0,0,BB,ITA,Online TA,TA/TO,0,0,0,A,A,0,No Deposit,9.0,,0,Contract,95.96,0,1,Check-Out,07-11-2015,
City Hotel,0,36,2017,March,11,14,0,4,2,0.0,0,BB,FRA,Online TA,TA/TO,0,0,0,D,D,0,No Deposit,9.0,,0,Transient,106.68,0,0,Check-Out,18-03-2017,
Resort Hotel,1,55,2016,October,41,3,3,6,1,0.0,0,BB,DEU,Online TA,TA/TO,0,0,0,D,D,0,No Deposit,240.0,,0,Transient,89.0,0,2,Canceled,17-09-2016,
City Hotel,1,135,2017,June,26,30,0,1,2,0.0,0,BB,PRT,Groups,TA/TO,0,0,0,A,A,0,Non Refund,30.0,,0,Transient,130.0,0,0,Canceled,15-02-2017,
City Hotel,0,130,2016,September,36,3,2,1,2,0.0,0,BB,GBR,Offline TA/TO,TA/TO,0,0,0,A,A,0,No Deposit,42.0,,0,Transient,80.75,0,0,Check-Out,06-09-2016,
City Hotel,0,25,2017,January,1,6,0,2,2,0.0,0,BB,GBR,Direct,Direct,0,0,0,G,G,0,No Deposit,14.0,,0,Transient,198.0,0,0,Check-Out,08-01-2017,
City Hotel,0,248,2017,April,15,9,2,0,2,0.0,0,BB,DEU,Groups,TA/TO,0,0,0,A,A,0,No Deposit,58.0,,0,Transient-Party,80.0,0,1,Check-Out,11-04-2017,
Resort Hotel,1,92,2016,February,9,26,1,2,2,0.0,0,Undefined,PRT,Groups,TA/TO,0,1,0,A,A,0,Non Refund,134.0,,0,Transient,79.0,0,0,Canceled,10-12-2015,
City Hotel,1,233,2015,November,45,7,1,1,2,0.0,0,BB,PRT,Groups,TA/TO,0,0,0,A,A,0,No Deposit,1.0,,0,Transient-Party,60.0,0,0,Canceled,21-10-2015,
City Hotel,1,131,2016,August,35,22,1,3,2,0.0,0,SC,PRT,Online TA,TA/TO,0,0,0,A,A,0,No Deposit,8.0,,0,Transient,92.25,0,0,Canceled,13-06-2016,
City Hotel,0,183,2016,September,37,8,0,3,2,0.0,0,BB,FRA,Offline TA/TO,TA/TO,0,0,0,A,A,0,No Deposit,44.0,,0,Transient-Party,110.0,0,1,Check-Out,11-09-2016,
City Hotel,1,355,2015,October,41,7,0,2,2,0.0,0,BB,PRT,Groups,TA/TO,0,1,0,A,A,0,Non Refund,1.0,,0,Transient-Party,62.0,0,0,Canceled,02-07-2015,
City Hotel,0,0,2017,March,12,24,0,0,0,0.0,0,BB,PRT,Online TA,TA/TO,1,0,0,A,G,0,No Deposit,86.0,,0,Transient,0.0,0,0,Check-Out,24-03-2017,
City Hotel,0,61,2017,January,2,8,2,3,2,0.0,0,BB,DEU,Offline TA/TO,TA/TO,0,0,0,A,A,0,No Deposit,27.0,,0,Transient,72.0,0,0,Check-Out,13-01-2017,
City Hotel,1,96,2017,April,17,26,0,2,2,0.0,0,BB,PRT,Groups,TA/TO,0,0,0,A,A,0,Non Refund,29.0,,0,Transient,130.0,0,0,Canceled,20-01-2017,
City Hotel,0,150,2016,June,25,14,1,5,2,0.0,0,BB,NLD,Online TA,TA/TO,0,0,0,D,D,0,No Deposit,9.0,,0,Transient,121.83,0,2,Check-Out,20-06-2016,
City Hotel,0,181,2016,October,42,11,0,2,1,0.0,0,BB,FRA,Offline TA/TO,TA/TO,0,0,0,A,A,0,No Deposit,234.0,,0,Transient-Party,120.0,0,0,Check-Out,13-10-2016,
City Hotel,0,6,2015,December,53,31,0,2,2,0.0,0,BB,RUS,Online TA,TA/TO,0,0,0,D,D,0,No Deposit,9.0,,0,Transient,137.0,0,1,Check-Out,02-01-2016,
City Hotel,0,39,2015,August,33,14,0,2,2,0.0,0,HB,DEU,Offline TA/TO,TA/TO,0,0,0,A,D,0,No Deposit,6.0,,0,Transient-Party,109.0,0,0,Check-Out,16-08-2015,
City Hotel,0,19,2017,May,19,12,2,5,2,0.0,0,BB,DEU,Online TA,TA/TO,0,0,0,D,D,0,No Deposit,9.0,,0,Transient,184.29,0,1,Check-Out,19-05-2017,
City Hotel,1,286,2015,July,31,30,0,2,2,0.0,0,BB,PRT,Groups,TA/TO,0,1,0,A,A,0,Non Refund,1.0,,0,Contract,62.0,0,0,Canceled,01-01-2015,
City Hotel,1,37,2016,October,42,13,0,3,2,0.0,0,BB,PRT,Offline TA/TO,TA/TO,0,0,0,A,A,0,No Deposit,56.0,,0,Transient-Party,105.0,0,0,Canceled,06-09-2016,
City Hotel,0,102,2015,October,42,16,0,2,2,0.0,0,HB,DEU,Offline TA/TO,TA/TO,0,0,0,A,A,0,No Deposit,6.0,,0,Transient-Party,109.0,0,0,Check-Out,18-10-2015,
City Hotel,1,280,2016,September,39,19,1,2,2,0.0,0,BB,PRT,Offline TA/TO,TA/TO,0,0,0,A,A,0,Non Refund,6.0,,35,Transient,110.0,0,0,Canceled,18-01-2016,
City Hotel,0,1,2017,February,9,26,2,0,2,1.0,0,BB,ESP,Direct,Direct,0,0,0,A,A,1,No Deposit,14.0,,0,Transient,123.0,0,1,Check-Out,28-02-2017,
City Hotel,1,59,2017,January,4,23,1,1,2,0.0,0,BB,PRT,Groups,TA/TO,0,0,0,A,A,0,Non Refund,326.0,,0,Transient,80.0,0,0,Canceled,25-11-2016,
Resort Hotel,0,50,2017,February,8,25,2,1,2,0.0,1,BB,PRT,Direct,Direct,0,0,0,A,A,2,No Deposit,250.0,,0,Transient,39.6,0,1,Check-Out,28-02-2017,
City Hotel,1,37,2016,July,27,1,0,1,2,0.0,0,BB,ITA,Online TA,TA/TO,0,0,0,D,D,0,No Deposit,9.0,,0,Transient,131.4,0,0,Canceled,27-05-2016,
City Hotel,1,330,2015,September,37,12,2,1,2,0.0,0,BB,PRT,Groups,TA/TO,0,1,0,A,A,0,No Deposit,1.0,,0,Transient-Party,62.8,0,0,Canceled,01-01-2015,
City Hotel,1,50,2015,October,43,24,1,1,2,0.0,0,BB,PRT,Groups,Direct,0,0,0,A,A,0,Non Refund,,,0,Transient,75.0,0,0,Canceled,07-10-2015,
City Hotel,0,25,2017,August,33,14,1,2,2,0.0,0,SC,FRA,Online TA,TA/TO,0,0,0,A,A,0,No Deposit,9.0,,0,Transient,169.0,0,1,Check-Out,17-08-2017,
City Hotel,0,151,2016,July,28,4,1,0,2,2.0,0,BB,CHE,Direct,Direct,0,0,0,F,F,0,No Deposit,14.0,,0,Transient,171.9,0,0,Check-Out,05-07-2016,
Resort Hotel,1,6,2015,December,50,6,2,0,2,0.0,0,BB,PRT,Online TA,TA/TO,0,1,0,D,D,0,No Deposit,240.0,,0,Transient,54.4,0,0,Canceled,01-12-2015,
City Hotel,1,153,2017,July,28,9,1,0,2,0.0,0,SC,USA,Online TA,TA/TO,0,0,0,A,A,0,No Deposit,9.0,,0,Transient,89.1,0,0,Canceled,17-05-2017,
City Hotel,1,70,2016,September,38,15,0,2,2,0.0,0,BB,PRT,Online TA,TA/TO,0,0,0,D,D,0,No Deposit,7.0,,0,Transient,149.4,0,0,Canceled,07-07-2016,
City Hotel,0,62,2016,May,21,19,0,1,1,0.0,0,SC,GBR,Online TA,TA/TO,0,0,0,A,A,0,No Deposit,9.0,,0,Transient,116.1,0,0,Check-Out,20-05-2016,
City Hotel,0,104,2017,March,12,19,2,5,1,0.0,0,BB,FRA,Offline TA/TO,TA/TO,0,0,0,A,A,1,No Deposit,20.0,,0,Transient-Party,65.0,0,0,Check-Out,26-03-2017,
City Hotel,0,83,2015,September,40,30,0,1,2,0.0,0,HB,PRT,Offline TA/TO,TA/TO,0,0,0,A,A,0,No Deposit,26.0,,77,Transient-Party,112.2,0,0,Check-Out,01-10-2015,
City Hotel,0,69,2017,April,14,7,0,2,3,0.0,0,BB,CHE,Online TA,TA/TO,0,0,0,D,D,0,No Deposit,9.0,,0,Transient,162.0,0,1,Check-Out,09-04-2017,
City Hotel,0,5,2016,August,35,26,1,2,2,0.0,0,SC,PRT,Online TA,TA/TO,0,0,0,A,A,0,No Deposit,7.0,,0,Transient,96.76,0,1,Check-Out,29-08-2016,
City Hotel,1,77,2015,August,32,3,5,12,2,0.0,0,BB,PRT,Online TA,TA/TO,0,0,0,A,A,0,No Deposit,9.0,,0,Transient,76.5,0,0,Canceled,21-05-2015,
Resort Hotel,0,167,2015,September,38,17,4,10,2,0.0,0,HB,GBR,Offline TA/TO,TA/TO,0,0,0,D,D,0,No Deposit,243.0,,0,Contract,68.0,0,3,Check-Out,01-10-2015,
City Hotel,0,72,2016,June,23,1,0,3,2,0.0,0,BB,AUT,Online TA,TA/TO,0,0,0,D,D,0,No Deposit,7.0,,0,Transient,108.11,0,0,Check-Out,04-06-2016,
City Hotel,0,3,2017,January,4,24,0,1,1,0.0,0,SC,PRT,Online TA,TA/TO,0,0,0,A,A,0,No Deposit,9.0,,0,Transient,88.0,0,0,Check-Out,25-01-2017,
Resort Hotel,1,256,2015,August,31,1,3,6,2,2.0,0,BB,PRT,Online TA,TA/TO,0,1,0,G,G,1,No Deposit,240.0,,0,Transient-Party,199.0,0,1,Canceled,27-07-2015,
Resort Hotel,0,109,2015,July,27,4,2,6,2,0.0,0,BB,PRT,Online TA,TA/TO,0,0,0,A,A,0,No Deposit,240.0,,0,Transient,123.0,0,1,Check-Out,12-07-2015,
City Hotel,0,4,2015,August,34,17,1,3,2,0.0,0,BB,ESP,Online TA,TA/TO,0,0,0,A,A,0,No Deposit,9.0,,0,Contract,122.0,0,3,Check-Out,21-08-2015,
City Hotel,0,13,2015,October,41,6,0,3,2,0.0,0,BB,FRA,Offline TA/TO,TA/TO,0,0,0,D,D,0,No Deposit,28.0,,0,Transient,75.0,0,1,Check-Out,09-10-2015,
Resort Hotel,1,2,2017,February,9,27,1,0,2,0.0,0,HB,ESP,Online TA,TA/TO,0,0,0,A,A,0,No Deposit,240.0,,0,Transient,92.0,0,1,Canceled,26-02-2017,
City Hotel,1,265,2015,July,28,9,0,2,2,0.0,0,BB,PRT,Groups,TA/TO,0,1,0,A,A,0,No Deposit,1.0,,0,Contract,62.0,0,0,Canceled,01-01-2015,
City Hotel,0,3,2016,September,39,22,0,1,1,0.0,0,BB,PRT,Corporate,Corporate,0,0,0,D,D,0,No Deposit,,308.0,0,Transient,166.25,0,0,Check-Out,23-09-2016,
City Hotel,1,105,2016,April,15,6,0,1,2,0.0,0,BB,PRT,Offline TA/TO,TA/TO,0,0,0,A,A,0,Non Refund,12.0,,0,Transient,75.0,0,0,Canceled,18-01-2016,
City Hotel,0,178,2017,July,28,13,2,5,2,2.0,0,HB,DNK,Direct,Direct,0,0,0,E,E,1,No Deposit,14.0,,0,Transient,214.0,0,3,Check-Out,20-07-2017,
City Hotel,0,29,2016,December,49,2,0,2,1,0.0,0,BB,DEU,Corporate,TA/TO,0,0,0,A,A,4,No Deposit,,,0,Transient-Party,66.18,0,1,Check-Out,04-12-2016,
Resort Hotel,0,61,2016,March,12,14,1,3,2,0.0,0,BB,IRL,Offline TA/TO,TA/TO,0,0,0,D,D,0,No Deposit,156.0,,0,Transient,35.15,0,1,Check-Out,18-03-2016,
City Hotel,1,82,2017,March,10,5,2,4,2,0.0,0,BB,USA,Online TA,TA/TO,0,0,0,A,A,0,No Deposit,9.0,,0,Transient,91.8,0,0,Canceled,24-02-2017,
Resort Hotel,1,111,2015,October,43,23,1,2,2,0.0,0,BB,PRT,Online TA,TA/TO,0,0,0,A,A,0,No Deposit,240.0,,0,Transient,45.0,0,1,Canceled,20-07-2015,
City Hotel,0,61,2016,December,51,16,1,2,2,0.0,0,BB,FRA,Direct,Direct,0,0,0,A,A,0,No Deposit,14.0,,0,Transient,79.2,0,0,Check-Out,19-12-2016,
City Hotel,1,197,2017,March,11,16,0,3,2,0.0,0,SC,GBR,Online TA,TA/TO,0,0,0,A,A,0,No Deposit,9.0,,0,Transient,79.2,0,2,Canceled,25-09-2016,
Resort Hotel,1,86,2017,March,10,9,0,3,2,0.0,0,Undefined,PRT,Groups,TA/TO,0,0,0,A,A,0,Non Refund,67.0,,0,Transient,46.0,0,0,Canceled,13-12-2016,
City Hotel,0,247,2016,June,24,6,1,1,2,0.0,0,HB,DEU,Offline TA/TO,TA/TO,0,0,0,A,F,0,No Deposit,6.0,,0,Transient-Party,115.0,0,1,Check-Out,08-06-2016,
City Hotel,1,280,2017,August,33,16,2,4,2,0.0,0,BB,ITA,Online TA,TA/TO,0,0,0,A,A,0,No Deposit,9.0,,0,Transient,113.1,0,0,Canceled,09-11-2016,
City Hotel,0,27,2016,July,30,23,0,1,3,0.0,0,BB,PRT,Online TA,TA/TO,0,0,0,D,E,0,No Deposit,9.0,,0,Transient,187.0,0,2,Check-Out,24-07-2016,
Resort Hotel,1,41,2016,September,39,23,0,1,1,0.0,0,BB,IRL,Online TA,TA/TO,0,0,0,E,E,0,No Deposit,240.0,,0,Transient,139.0,0,1,Canceled,26-08-2016,
City Hotel,1,78,2017,April,17,29,2,1,2,0.0,0,BB,PRT,Groups,TA/TO,0,0,0,A,A,0,Non Refund,6.0,,0,Transient,90.0,0,0,Canceled,10-02-2017,
Resort Hotel,0,19,2017,August,35,31,0,3,2,0.0,0,HB,ESP,Online TA,TA/TO,0,0,0,A,A,0,No Deposit,15.0,,0,Transient,165.6,0,0,Check-Out,03-09-2017,
City Hotel,0,220,2016,September,38,17,2,1,1,0.0,0,HB,ITA,Offline TA/TO,TA/TO,0,0,0,A,A,1,No Deposit,177.0,,0,Transient-Party,128.0,0,0,Check-Out,20-09-2016,
City Hotel,0,133,2016,October,44,23,2,2,2,0.0,0,BB,GBR,Direct,Direct,0,0,0,D,D,0,No Deposit,14.0,,0,Transient,108.38,0,0,Check-Out,27-10-2016,
Resort Hotel,0,213,2016,May,21,16,1,1,1,0.0,0,HB,DEU,Groups,TA/TO,0,0,0,A,A,1,No Deposit,298.0,,0,Transient-Party,54.5,0,0,Check-Out,18-05-2016,
City Hotel,0,23,2016,January,1,2,2,1,2,0.0,0,HB,ITA,Offline TA/TO,TA/TO,0,0,0,A,A,0,No Deposit,26.0,,0,Transient-Party,109.0,0,0,Check-Out,05-01-2016,
Resort Hotel,1,238,2017,February,6,10,0,2,2,0.0,0,HB,PRT,Groups,TA/TO,0,0,0,A,A,0,Non Refund,155.0,,0,Transient,54.0,0,0,Canceled,15-12-2016,
City Hotel,1,39,2017,July,28,15,0,1,1,0.0,0,SC,GBR,Online TA,TA/TO,0,0,0,A,A,0,No Deposit,9.0,,0,Transient,140.0,0,0,Canceled,11-07-2017,
City Hotel,1,195,2015,September,38,17,0,2,2,0.0,0,BB,PRT,Offline TA/TO,TA/TO,0,1,0,A,A,0,No Deposit,20.0,,0,Transient,48.0,0,0,Canceled,23-07-2015,
City Hotel,1,47,2016,April,16,12,0,1,1,0.0,0,BB,ESP,Online TA,TA/TO,0,0,0,A,A,0,No Deposit,9.0,,0,Transient,99.9,0,0,Canceled,21-03-2016,
City Hotel,1,58,2016,January,5,27,0,2,1,0.0,0,BB,PRT,Offline TA/TO,TA/TO,0,1,0,A,A,0,No Deposit,87.0,,0,Transient-Party,80.0,0,0,Canceled,07-01-2016,
City Hotel,0,49,2017,April,16,16,2,0,2,0.0,0,SC,PRY,Online TA,TA/TO,0,0,0,A,A,0,No Deposit,9.0,,0,Transient,108.0,0,0,Check-Out,18-04-2017,
Resort Hotel,1,349,2016,August,32,4,2,3,2,0.0,0,BB,PRT,Online TA,TA/TO,0,0,0,A,A,0,No Deposit,240.0,,0,Transient,125.4,0,3,Canceled,21-06-2016,
Resort Hotel,0,0,2017,April,14,8,0,1,2,0.0,0,BB,PRT,Direct,Direct,0,0,0,A,E,0,No Deposit,,,0,Transient,110.0,0,0,Check-Out,09-04-2017,
Resort Hotel,0,3,2015,October,41,9,1,2,2,0.0,0,BB,DEU,Online TA,TA/TO,0,0,0,E,E,0,No Deposit,240.0,,0,Transient,83.33,0,2,Check-Out,12-10-2015,
Resort Hotel,0,27,2017,March,11,16,0,1,2,0.0,0,BB,FRA,Online TA,TA/TO,0,0,0,D,D,0,No Deposit,,,0,Transient,68.0,0,1,Check-Out,17-03-2017,
City Hotel,1,38,2017,January,2,14,0,1,1,0.0,0,BB,PRT,Corporate,Corporate,0,0,0,A,A,0,Non Refund,,67.0,0,Transient,75.0,0,0,Canceled,07-12-2016,
City Hotel,1,61,2017,May,20,17,0,4,2,0.0,0,BB,DEU,Online TA,TA/TO,0,0,0,A,A,0,No Deposit,9.0,,0,Transient,162.0,0,1,Canceled,26-03-2017,
Resort Hotel,0,154,2017,August,34,21,2,5,2,0.0,0,HB,GBR,Offline TA/TO,TA/TO,0,0,0,A,A,1,No Deposit,40.0,,0,Contract,132.86,0,1,Check-Out,28-08-2017,
City Hotel,0,183,2017,January,1,1,2,4,2,2.0,0,BB,RUS,Online TA,TA/TO,0,0,0,F,F,0,No Deposit,9.0,,0,Transient,153.5,1,1,Check-Out,07-01-2017,
City Hotel,0,105,2017,August,33,13,2,3,2,0.0,0,SC,AUT,Online TA,TA/TO,0,0,0,A,A,0,No Deposit,7.0,,0,Transient,95.0,0,1,Check-Out,18-08-2017,
City Hotel,1,194,2017,April,16,21,2,3,2,0.0,0,BB,FRA,Online TA,TA/TO,0,0,0,A,A,0,No Deposit,9.0,,0,Transient,117.0,0,2,Canceled,21-04-2017,
City Hotel,0,4,2016,February,7,13,0,1,2,0.0,0,BB,PRT,Direct,Direct,0,0,0,D,D,0,No Deposit,14.0,,0,Transient,95.0,0,2,Check-Out,14-02-2016,
Resort Hotel,0,1,2016,December,51,17,0,1,2,1.0,0,HB,ESP,Online TA,TA/TO,0,0,0,G,G,0,No Deposit,240.0,,0,Transient,136.0,0,1,Check-Out,18-12-2016,
City Hotel,1,6,2016,November,48,24,0,1,1,0.0,0,BB,PRT,Corporate,Corporate,1,1,3,A,A,0,No Deposit,,40.0,0,Transient,65.0,0,1,Canceled,23-11-2016,
Resort Hotel,0,82,2017,July,30,23,3,5,2,0.0,0,HB,GBR,Direct,Direct,0,0,0,F,F,1,No Deposit,250.0,,0,Transient,294.0,0,2,Check-Out,31-07-2017,
City Hotel,1,174,2015,October,41,10,1,1,2,0.0,0,BB,PRT,Offline TA/TO,TA/TO,0,0,0,A,A,0,Non Refund,3.0,,0,Transient,70.0,0,0,Canceled,31-08-2015,
City Hotel,0,22,2017,April,16,21,2,2,2,0.0,0,SC,ITA,Online TA,TA/TO,0,0,0,A,A,0,No Deposit,9.0,,0,Transient,115.0,0,1,Check-Out,25-04-2017,
City Hotel,1,272,2015,July,29,16,0,2,2,0.0,0,BB,PRT,Groups,TA/TO,0,1,0,A,A,0,No Deposit,1.0,,0,Contract,62.0,0,0,Canceled,01-01-2015,
City Hotel,0,0,2017,May,20,19,0,1,3,0.0,1,BB,AGO,Direct,Direct,0,0,0,F,F,1,No Deposit,,,0,Transient,305.0,0,0,Check-Out,20-05-2017,
City Hotel,0,34,2016,November,46,7,1,2,1,0.0,0,BB,DEU,Online TA,GDS,0,0,0,A,A,0,No Deposit,195.0,,0,Transient,169.2,0,0,Check-Out,10-11-2016,
Resort Hotel,1,139,2016,April,15,4,1,1,3,0.0,0,BB,PRT,Online TA,TA/TO,0,0,0,D,D,0,No Deposit,242.0,,0,Transient,94.0,0,1,Canceled,08-03-2016,
City Hotel,0,14,2016,July,27,2,2,3,2,0.0,0,BB,DEU,Online TA,TA/TO,0,0,0,A,A,0,No Deposit,9.0,,0,Transient,151.0,0,2,Check-Out,07-07-2016,
Resort Hotel,1,237,2017,May,18,3,0,1,2,0.0,0,HB,RUS,Online TA,TA/TO,0,0,0,E,E,2,No Deposit,240.0,,0,Transient-Party,109.8,0,0,Canceled,29-12-2016,
City Hotel,0,46,2016,July,31,27,0,1,2,1.0,0,BB,AUT,Online TA,TA/TO,0,0,0,A,E,0,No Deposit,9.0,,0,Transient,152.1,0,2,Check-Out,28-07-2016,
City Hotel,1,86,2016,December,52,24,2,3,3,0.0,0,BB,DEU,Online TA,TA/TO,0,0,0,D,D,0,No Deposit,9.0,,0,Transient,119.0,0,2,Canceled,30-11-2016,
City Hotel,1,265,2016,April,17,20,0,4,2,0.0,0,BB,PRT,Groups,TA/TO,0,0,0,A,A,0,Non Refund,30.0,,0,Transient,101.0,0,0,Canceled,30-07-2015,
City Hotel,1,52,2017,January,1,6,2,2,2,0.0,0,BB,ITA,Online TA,TA/TO,1,1,1,A,A,0,No Deposit,9.0,,0,Transient,88.4,0,2,Canceled,22-12-2016,
Resort Hotel,0,47,2016,November,47,19,2,3,2,0.0,0,BB,POL,Online TA,TA/TO,0,0,0,A,A,0,No Deposit,240.0,,0,Transient,37.8,0,2,Check-Out,24-11-2016,
City Hotel,1,47,2017,July,27,3,1,3,3,0.0,0,BB,IRL,Online TA,TA/TO,0,0,0,E,E,0,No Deposit,9.0,,0,Transient,234.5,0,1,Canceled,17-05-2017,
Resort Hotel,0,2,2017,February,8,23,0,2,1,0.0,0,Undefined,ESP,Groups,TA/TO,0,0,0,A,A,1,No Deposit,68.0,,0,Transient-Party,0.0,0,0,Check-Out,25-02-2017,
Resort Hotel,0,199,2016,May,19,2,1,1,2,0.0,0,HB,DEU,Groups,TA/TO,0,0,0,A,A,0,No Deposit,298.0,,0,Transient-Party,85.0,0,0,Check-Out,04-05-2016,
City Hotel,0,99,2017,June,23,9,0,1,1,0.0,0,HB,BRA,Online TA,TA/TO,0,0,0,D,D,0,No Deposit,7.0,,0,Transient,146.16,0,0,Check-Out,10-06-2017,
City Hotel,0,246,2017,July,28,10,1,0,2,0.0,0,BB,DEU,Online TA,TA/TO,0,0,0,A,A,0,No Deposit,9.0,,0,Transient,107.1,0,1,Check-Out,11-07-2017,
City Hotel,1,97,2017,July,28,11,0,3,2,0.0,0,BB,AUS,Online TA,TA/TO,0,0,0,D,D,0,No Deposit,9.0,,0,Transient,150.0,0,2,Canceled,06-04-2017,
Resort Hotel,1,250,2017,June,26,26,1,4,2,1.0,0,BB,ESP,Direct,Direct,0,0,0,A,A,2,No Deposit,250.0,,0,Transient,132.6,0,0,Canceled,29-05-2017,
Resort Hotel,1,106,2016,March,13,24,1,3,2,0.0,0,FB,PRT,Groups,Direct,0,0,0,A,A,0,Non Refund,68.0,,0,Transient,84.0,0,0,Canceled,22-01-2016,
City Hotel,0,4,2016,September,39,20,0,1,2,1.0,0,SC,PRT,Offline TA/TO,TA/TO,0,0,0,A,A,0,No Deposit,15.0,,0,Transient,152.2,0,0,Check-Out,21-09-2016,
Resort Hotel,0,54,2015,September,36,5,2,5,2,0.0,0,BB,CN,Direct,Direct,0,0,0,A,A,0,No Deposit,250.0,,0,Transient,98.0,0,2,Check-Out,12-09-2015,
City Hotel,1,179,2016,September,36,2,2,5,0,2.0,0,BB,ESP,Online TA,TA/TO,0,0,0,B,B,3,No Deposit,9.0,,0,Transient-Party,121.01,0,0,Canceled,01-09-2016,
City Hotel,0,127,2017,August,33,16,2,5,2,0.0,0,BB,CN,Offline TA/TO,TA/TO,0,0,0,A,A,0,No Deposit,262.0,,0,Transient,80.1,0,1,Check-Out,23-08-2017,
Resort Hotel,0,74,2017,March,13,30,2,5,2,2.0,0,BB,PRT,Online TA,TA/TO,0,0,0,G,G,0,No Deposit,240.0,,0,Transient,113.29,0,1,Check-Out,06-04-2017,
Resort Hotel,1,12,2016,July,31,24,1,0,2,0.0,0,BB,PRT,Direct,Direct,0,0,0,A,A,0,No Deposit,,,0,Transient-Party,126.0,0,0,Canceled,13-07-2016,
Resort Hotel,0,21,2017,May,22,28,2,1,2,0.0,0,BB,PRT,Online TA,TA/TO,0,0,0,D,D,0,No Deposit,240.0,,0,Transient,142.0,0,3,Check-Out,31-05-2017,
Resort Hotel,0,0,2017,January,2,9,1,0,2,0.0,0,BB,USA,Online TA,TA/TO,1,0,0,A,A,0,No Deposit,306.0,,0,Transient,30.99,0,0,Check-Out,10-01-2017,
Resort Hotel,1,80,2015,August,31,1,4,6,2,2.0,0,BB,PRT,Online TA,TA/TO,0,0,0,C,C,0,No Deposit,242.0,,0,Transient,169.0,0,1,Canceled,21-07-2015,
Resort Hotel,1,57,2017,March,10,11,2,5,1,0.0,0,HB,PRT,Groups,TA/TO,0,0,0,D,D,0,No Deposit,298.0,,0,Transient-Party,51.0,0,0,Canceled,26-01-2017,
City Hotel,1,69,2016,June,25,12,2,4,1,0.0,0,BB,PRT,Offline TA/TO,TA/TO,0,0,0,A,A,0,Non Refund,236.0,,0,Transient,120.0,0,0,Canceled,04-05-2016,
City Hotel,0,95,2017,March,12,25,2,3,2,0.0,0,BB,DEU,Offline TA/TO,TA/TO,0,0,0,A,A,0,No Deposit,27.0,,0,Transient,72.0,0,0,Check-Out,30-03-2017,
Resort Hotel,1,16,2015,July,30,25,1,1,2,0.0,0,BB,PRT,Direct,Direct,0,0,0,A,A,0,No Deposit,,,0,Transient,134.0,0,0,Canceled,23-07-2015,
City Hotel,0,50,2016,December,50,4,2,2,2,0.0,0,BB,ESP,Online TA,TA/TO,0,0,0,A,A,0,No Deposit,9.0,,0,Transient,88.4,0,0,Check-Out,08-12-2016,
Resort Hotel,1,2,2017,February,8,22,0,4,1,0.0,0,BB,PRT,Groups,Direct,0,0,0,A,A,0,No Deposit,,,0,Transient-Party,36.0,0,0,Canceled,20-02-2017,
City Hotel,0,23,2017,August,31,3,1,3,2,0.0,0,SC,RUS,Online TA,TA/TO,0,0,0,A,A,1,No Deposit,9.0,,0,Transient,147.0,0,1,Check-Out,07-08-2017,
Resort Hotel,1,2,2015,October,42,14,0,1,1,0.0,0,BB,PRT,Corporate,Corporate,0,1,0,A,A,0,No Deposit,,,0,Transient,47.0,0,0,Canceled,12-10-2015,
City Hotel,0,3,2016,March,13,25,1,2,2,0.0,0,SC,ISR,Online TA,TA/TO,0,0,0,A,A,0,No Deposit,9.0,,0,Transient,135.67,0,1,Check-Out,28-03-2016,
Resort Hotel,0,23,2017,April,16,20,0,3,2,0.0,0,BB,GBR,Groups,Direct,0,0,0,A,D,0,No Deposit,,,0,Transient-Party,99.0,0,0,Check-Out,23-04-2017,
City Hotel,0,103,2016,November,46,7,1,3,1,0.0,0,BB,FIN,Online TA,TA/TO,0,0,0,A,A,0,No Deposit,8.0,,0,Transient,187.25,0,2,Check-Out,11-11-2016,
City Hotel,0,168,2017,May,20,14,2,1,2,0.0,0,SC,GBR,Online TA,TA/TO,0,0,0,A,A,0,No Deposit,9.0,,0,Transient,108.0,0,0,Check-Out,17-05-2017,
City Hotel,0,260,2016,October,43,22,2,5,2,1.0,0,BB,FRA,Online TA,TA/TO,0,0,0,A,A,0,No Deposit,9.0,,0,Transient-Party,108.68,0,3,Check-Out,29-10-2016,
Resort Hotel,1,99,2015,October,43,24,1,1,2,0.0,0,BB,PRT,Online TA,TA/TO,0,0,0,E,E,0,No Deposit,240.0,,0,Transient,65.0,0,2,Canceled,26-08-2015,
City Hotel,0,192,2016,June,26,24,0,2,1,0.0,0,BB,PRT,Offline TA/TO,TA/TO,0,0,0,A,A,0,No Deposit,34.0,,0,Transient-Party,95.0,0,0,Check-Out,26-06-2016,
City Hotel,1,273,2015,July,29,17,0,2,2,0.0,0,HB,PRT,Offline TA/TO,TA/TO,0,1,0,A,A,0,No Deposit,6.0,,0,Transient-Party,101.5,0,0,Canceled,06-07-2015,
Resort Hotel,0,10,2016,March,11,11,2,2,2,0.0,0,BB,POL,Online TA,TA/TO,0,0,0,E,F,2,No Deposit,240.0,,0,Transient,67.5,0,1,Check-Out,15-03-2016,
City Hotel,1,41,2016,April,17,21,0,3,2,2.0,0,BB,PRT,Online TA,TA/TO,0,0,0,G,G,0,No Deposit,7.0,,0,Transient,191.58,0,0,Canceled,11-03-2016,
City Hotel,0,21,2015,September,36,3,0,2,2,0.0,0,BB,SWE,Online TA,TA/TO,0,0,0,A,A,0,No Deposit,9.0,,0,Contract,105.0,0,0,Check-Out,05-09-2015,
Resort Hotel,0,6,2016,November,48,25,0,1,2,0.0,0,Undefined,PRT,Direct,Direct,0,0,0,F,F,1,No Deposit,250.0,,0,Transient,147.0,0,0,Check-Out,26-11-2016,
Resort Hotel,0,234,2016,October,44,23,2,5,2,0.0,0,HB,GBR,Offline TA/TO,TA/TO,0,0,0,A,A,0,No Deposit,243.0,,0,Contract,37.4,0,2,Check-Out,30-10-2016,
City Hotel,1,3,2015,August,34,17,1,3,2,0.0,0,BB,PRT,Corporate,Corporate,0,0,0,A,A,0,No Deposit,,38.0,0,Transient,130.0,0,0,Canceled,17-08-2015,
Resort Hotel,0,0,2017,July,28,15,0,1,2,0.0,0,BB,GBR,Direct,Direct,0,0,0,A,E,1,No Deposit,,,0,Transient-Party,195.0,0,0,Check-Out,16-07-2017,
City Hotel,0,6,2017,July,28,14,0,2,2,0.0,0,BB,CHN,Online TA,TA/TO,0,0,0,E,E,0,No Deposit,9.0,,0,Transient,172.5,0,2,Check-Out,16-07-2017,
Resort Hotel,0,5,2017,May,20,15,1,0,1,0.0,0,BB,GBR,Complementary,TA/TO,1,0,3,E,E,0,No Deposit,40.0,,0,Transient,0.0,1,2,Check-Out,16-05-2017,
City Hotel,1,6,2015,September,39,20,2,0,2,0.0,0,BB,PRT,Corporate,Corporate,0,1,0,A,A,0,Non Refund,78.0,,0,Transient,100.0,0,0,Canceled,15-09-2015,
Resort Hotel,0,156,2017,May,19,8,2,5,2,0.0,0,HB,IRL,Groups,TA/TO,0,0,0,A,A,2,No Deposit,434.0,,0,Transient-Party,80.0,0,1,Check-Out,15-05-2017,
Resort Hotel,0,229,2017,March,13,27,2,5,2,0.0,0,BB,IRL,Online TA,TA/TO,0,0,0,A,D,1,No Deposit,240.0,,0,Transient,52.43,0,2,Check-Out,03-04-2017,
Resort Hotel,1,134,2017,April,15,13,0,3,2,0.0,0,HB,PRT,Offline TA/TO,TA/TO,0,0,0,D,D,1,No Deposit,3.0,,0,Transient-Party,95.4,0,1,Canceled,10-03-2017,
City Hotel,0,0,2015,October,42,12,1,2,1,0.0,0,BB,PRT,Corporate,Corporate,0,0,0,A,A,0,No Deposit,,40.0,0,Transient,65.0,0,0,Check-Out,15-10-2015,
City Hotel,0,8,2016,April,16,16,2,2,3,0.0,0,BB,FRA,Online TA,TA/TO,0,0,0,D,D,0,No Deposit,9.0,,0,Transient,144.5,0,1,Check-Out,20-04-2016,
Resort Hotel,0,33,2017,June,23,10,0,1,2,0.0,0,BB,PRT,Direct,Direct,0,0,0,A,A,0,No Deposit,,,0,Transient,118.0,1,2,Check-Out,11-06-2017,
City Hotel,0,13,2016,March,13,20,1,0,2,0.0,0,BB,PRT,Offline TA/TO,TA/TO,0,0,0,A,A,0,No Deposit,220.0,,0,Transient-Party,85.0,0,1,Check-Out,21-03-2016,
City Hotel,1,115,2017,May,20,18,0,3,2,0.0,0,BB,PRT,Offline TA/TO,TA/TO,0,0,0,A,A,0,Non Refund,170.0,,0,Transient,190.0,0,0,Canceled,23-01-2017,
Resort Hotel,0,22,2017,August,34,25,1,2,2,2.0,0,HB,ESP,Online TA,TA/TO,0,0,0,C,C,1,No Deposit,240.0,,0,Transient-Party,314.67,0,2,Check-Out,28-08-2017,
City Hotel,0,63,2016,April,16,13,0,4,2,2.0,0,BB,FRA,Online TA,TA/TO,0,0,0,F,F,0,No Deposit,9.0,,0,Transient,167.45,0,1,Check-Out,17-04-2016,
Resort Hotel,0,9,2015,October,42,14,1,4,2,0.0,0,BB,PRT,Online TA,TA/TO,0,0,0,A,A,0,No Deposit,241.0,,0,Transient,48.2,0,1,Check-Out,19-10-2015,
City Hotel,1,462,2017,July,26,1,2,1,2,0.0,0,BB,PRT,Groups,TA/TO,0,0,0,A,A,0,No Deposit,229.0,,0,Transient-Party,112.67,0,1,Canceled,21-06-2017,
Resort Hotel,0,8,2015,July,29,14,2,5,2,0.0,0,HB,ESP,Online TA,TA/TO,0,0,0,A,A,1,No Deposit,240.0,,0,Transient,168.57,0,1,Check-Out,21-07-2015,
City Hotel,1,330,2015,September,37,12,2,2,2,0.0,0,BB,PRT,Groups,TA/TO,0,1,0,A,A,0,No Deposit,1.0,,0,Transient-Party,62.0,0,0,Canceled,06-07-2015,
City Hotel,0,212,2016,September,40,26,1,3,2,0.0,0,BB,GBR,Online TA,TA/TO,0,0,0,A,A,1,No Deposit,9.0,,0,Transient-Party,129.65,0,1,Check-Out,30-09-2016,
Resort Hotel,0,109,2016,March,11,7,1,3,2,0.0,0,BB,GBR,Offline TA/TO,TA/TO,0,0,0,A,D,0,No Deposit,6.0,,0,Transient,27.5,0,1,Check-Out,11-03-2016,
City Hotel,0,86,2016,October,43,20,0,3,4,0.0,0,BB,CHE,Online TA,TA/TO,0,0,0,G,G,1,No Deposit,7.0,,0,Transient,192.86,0,1,Check-Out,23-10-2016,
City Hotel,0,79,2017,April,17,24,1,3,2,0.0,0,BB,FRA,Online TA,TA/TO,0,0,0,D,D,0,No Deposit,9.0,,0,Transient,132.75,0,1,Check-Out,28-04-2017,
City Hotel,1,221,2016,June,24,10,1,2,2,0.0,0,BB,PRT,Offline TA/TO,TA/TO,0,1,0,A,A,0,Non Refund,3.0,,15,Transient,80.0,0,0,Canceled,17-11-2015,
Resort Hotel,1,256,2016,June,25,17,2,7,2,0.0,0,BB,PRT,Online TA,TA/TO,0,0,0,A,A,0,No Deposit,240.0,,0,Transient,72.0,0,1,Canceled,30-12-2015,
City Hotel,0,9,2015,August,35,23,2,0,2,0.0,0,BB,ESP,Direct,Direct,0,0,0,A,A,0,No Deposit,14.0,,0,Transient,75.0,0,0,Check-Out,25-08-2015,
Resort Hotel,0,207,2016,August,33,12,1,2,2,0.0,0,BB,PRT,Online TA,TA/TO,0,0,0,A,D,0,No Deposit,240.0,,0,Transient,152.0,1,0,Check-Out,15-08-2016,
Resort Hotel,1,147,2016,March,14,28,2,5,2,0.0,0,HB,PRT,Offline TA/TO,TA/TO,0,0,0,E,E,0,No Deposit,,,0,Transient-Party,73.0,0,0,Canceled,04-03-2016,
Resort Hotel,0,10,2016,October,42,9,2,0,2,0.0,0,BB,GBR,Groups,Corporate,0,0,0,A,A,0,No Deposit,,,0,Transient-Party,55.0,0,0,Check-Out,11-10-2016,
Resort Hotel,1,32,2016,April,17,19,2,5,2,0.0,0,HB,PRT,Groups,Direct,0,0,0,D,D,0,No Deposit,273.0,,0,Transient-Party,69.36,0,0,Canceled,18-03-2016,
Resort Hotel,0,88,2016,April,16,15,2,5,2,0.0,0,BB,FIN,Offline TA/TO,TA/TO,0,0,0,D,F,0,No Deposit,314.0,,0,Transient,69.7,1,1,Check-Out,22-04-2016,
Resort Hotel,1,11,2015,December,49,5,2,1,2,0.0,0,FB,PRT,Offline TA/TO,TA/TO,0,1,0,A,A,0,No Deposit,,,0,Transient-Party,64.0,0,0,Canceled,27-11-2015,
City Hotel,0,320,2016,August,34,18,0,2,2,0.0,0,HB,DEU,Offline TA/TO,TA/TO,0,0,0,A,A,0,No Deposit,6.0,,0,Transient-Party,115.0,0,1,Check-Out,20-08-2016,
City Hotel,1,153,2015,August,32,3,1,2,2,0.0,0,BB,PRT,Groups,TA/TO,0,1,0,A,A,0,Non Refund,1.0,,0,Transient,60.0,0,0,Canceled,19-05-2015,
Resort Hotel,0,107,2015,July,27,2,2,5,2,0.0,0,BB,PRT,Online TA,TA/TO,0,0,0,A,A,0,No Deposit,240.0,,0,Transient,110.7,0,2,Check-Out,09-07-2015,
City Hotel,1,177,2017,July,27,3,1,1,2,0.0,0,SC,IRL,Online TA,TA/TO,0,0,0,A,A,0,No Deposit,9.0,,0,Transient,89.1,0,0,Canceled,22-03-2017,
City Hotel,0,20,2017,May,21,24,0,1,2,0.0,0,BB,ESP,Groups,TA/TO,0,0,0,A,A,0,No Deposit,87.0,,0,Transient-Party,120.0,0,0,Check-Out,25-05-2017,
Resort Hotel,0,12,2016,January,5,30,0,1,1,0.0,0,BB,LTU,Offline TA/TO,TA/TO,0,0,0,A,D,0,No Deposit,95.0,,0,Transient,25.0,0,0,Check-Out,31-01-2016,
Resort Hotel,1,19,2017,January,3,15,2,2,3,1.0,0,BB,IRL,Online TA,TA/TO,0,0,0,H,H,0,No Deposit,240.0,,0,Transient,93.0,0,1,Canceled,27-12-2016,
Resort Hotel,0,44,2016,April,15,6,0,4,2,0.0,0,HB,PRT,Direct,Direct,0,0,0,A,D,0,No Deposit,250.0,,0,Transient-Party,83.0,0,2,Check-Out,10-04-2016,
City Hotel,0,80,2015,October,41,9,0,2,1,0.0,0,HB,PRT,Offline TA/TO,TA/TO,0,0,0,D,D,0,No Deposit,12.0,,50,Transient-Party,108.0,0,0,Check-Out,11-10-2015,
City Hotel,1,285,2016,October,41,3,1,3,2,0.0,0,BB,PRT,Offline TA/TO,TA/TO,0,0,0,A,A,0,Non Refund,31.0,,24,Transient,100.0,0,0,Canceled,16-01-2016,
Resort Hotel,0,2,2017,February,6,10,0,2,2,0.0,0,BB,ESP,Online TA,TA/TO,0,0,0,A,A,0,No Deposit,240.0,,0,Transient,48.0,0,2,Check-Out,12-02-2017,
Resort Hotel,0,40,2017,January,3,16,1,2,1,0.0,0,Undefined,PRT,Groups,Direct,0,0,0,A,A,0,No Deposit,,,0,Transient-Party,55.0,0,0,Check-Out,19-01-2017,
City Hotel,1,18,2016,December,53,30,0,2,2,2.0,0,BB,PRT,Direct,Direct,0,0,0,G,G,0,No Deposit,,,0,Transient,200.0,0,0,Canceled,14-12-2016,
Resort Hotel,0,5,2016,March,13,20,2,2,2,0.0,1,BB,GBR,Offline TA/TO,TA/TO,0,0,0,A,C,1,No Deposit,171.0,,0,Transient,41.4,0,0,Check-Out,24-03-2016,
Resort Hotel,0,100,2016,August,32,6,1,1,2,0.0,0,BB,ESP,Online TA,TA/TO,0,0,0,A,A,0,No Deposit,240.0,,0,Transient,201.0,1,0,Check-Out,08-08-2016,
City Hotel,1,37,2017,March,11,15,0,2,2,0.0,0,BB,PRT,Groups,TA/TO,0,0,0,A,A,0,Non Refund,378.0,,0,Transient,110.0,0,0,Canceled,06-02-2017,
City Hotel,1,20,2016,March,14,31,0,2,1,0.0,0,BB,PRT,Corporate,Corporate,0,0,0,A,A,2,No Deposit,,179.0,0,Transient,79.0,0,0,Canceled,23-03-2016,
City Hotel,1,262,2017,May,21,24,0,4,3,0.0,0,BB,CHE,Online TA,TA/TO,0,0,0,D,D,0,No Deposit,9.0,,0,Transient,157.5,0,2,Canceled,22-09-2016,
City Hotel,1,78,2016,April,15,5,0,4,2,0.0,0,BB,HUN,Online TA,TA/TO,0,0,0,D,D,0,No Deposit,9.0,,0,Transient,97.33,0,0,Canceled,18-03-2016,
Resort Hotel,0,342,2016,September,40,29,2,4,1,0.0,0,BB,IRL,Groups,TA/TO,0,0,0,A,A,0,No Deposit,201.0,,0,Transient-Party,36.0,0,0,Check-Out,05-10-2016,
Resort Hotel,0,32,2015,August,34,21,2,4,2,0.0,0,BB,CHE,Online TA,TA/TO,0,0,0,A,A,0,No Deposit,240.0,,0,Transient,178.33,0,2,Check-Out,27-08-2015,
Resort Hotel,0,53,2016,September,39,23,1,2,2,0.0,0,BB,IRL,Online TA,TA/TO,0,0,0,E,E,0,No Deposit,240.0,,0,Transient,129.33,0,3,Check-Out,26-09-2016,
City Hotel,0,55,2015,September,37,6,2,0,2,0.0,0,BB,ESP,Groups,TA/TO,0,0,0,A,A,0,No Deposit,1.0,,0,Transient-Party,75.0,0,0,Check-Out,08-09-2015,
City Hotel,0,5,2015,December,52,22,0,5,0,2.0,0,BB,PRT,Complementary,Direct,0,0,0,B,B,1,No Deposit,,,0,Transient,0.0,0,0,Check-Out,27-12-2015,
City Hotel,1,342,2015,September,39,24,0,2,2,0.0,0,BB,PRT,Groups,TA/TO,0,1,0,A,A,0,Non Refund,1.0,,0,Contract,62.0,0,0,Canceled,01-01-2015,
City Hotel,1,77,2016,March,13,26,2,5,2,0.0,0,BB,FRA,Online TA,TA/TO,0,0,0,D,D,0,No Deposit,9.0,,0,Transient,97.02,0,0,Canceled,09-01-2016,
City Hotel,1,41,2016,September,39,18,2,1,2,0.0,0,BB,GBR,Online TA,TA/TO,0,0,0,D,D,0,No Deposit,9.0,,0,Transient,149.4,0,1,Canceled,15-08-2016,
City Hotel,0,68,2017,July,28,10,1,0,2,0.0,0,SC,GBR,Online TA,TA/TO,0,0,0,A,D,0,No Deposit,9.0,,0,Transient,100.0,0,1,Check-Out,11-07-2017,
City Hotel,0,50,2017,March,12,21,0,4,2,0.0,0,SC,FRA,Online TA,TA/TO,0,0,0,A,A,0,No Deposit,7.0,,0,Transient,57.6,0,0,Check-Out,25-03-2017,
Resort Hotel,1,22,2017,June,26,29,0,1,1,0.0,0,BB,PRT,Direct,Direct,0,0,0,A,A,0,No Deposit,,,0,Transient,60.0,0,0,Canceled,28-06-2017,
Resort Hotel,0,91,2015,July,29,17,1,2,2,1.0,0,BB,MOZ,Online TA,TA/TO,0,0,0,A,A,4,No Deposit,240.0,,0,Transient,118.5,0,3,Check-Out,20-07-2015,
City Hotel,1,42,2017,April,16,16,2,2,2,0.0,0,BB,GBR,Online TA,TA/TO,0,0,0,D,D,0,No Deposit,9.0,,0,Transient,146.25,0,0,Canceled,05-03-2017,
Resort Hotel,0,5,2017,January,3,19,0,3,1,0.0,0,BB,GBR,Online TA,TA/TO,0,0,0,A,A,0,No Deposit,240.0,,0,Transient,43.0,0,3,Check-Out,22-01-2017,
City Hotel,0,6,2016,May,20,9,1,1,2,0.0,0,BB,NLD,Online TA,TA/TO,0,0,0,D,D,0,No Deposit,9.0,,0,Transient,126.0,0,1,Check-Out,11-05-2016,
City Hotel,1,50,2016,January,5,29,1,2,1,0.0,0,BB,TUR,Online TA,TA/TO,0,0,0,A,A,0,No Deposit,9.0,,0,Transient,72.9,0,0,Canceled,23-12-2015,
City Hotel,0,177,2017,August,33,16,0,4,2,0.0,0,BB,FRA,Online TA,TA/TO,0,0,0,D,D,0,No Deposit,354.0,,0,Transient,121.77,0,0,Check-Out,20-08-2017,
City Hotel,1,24,2016,February,9,22,1,2,2,0.0,0,BB,PRT,Offline TA/TO,TA/TO,0,0,0,A,A,0,No Deposit,86.0,,0,Transient,72.8,0,0,Canceled,01-02-2016,
Resort Hotel,0,31,2016,April,16,16,2,5,2,0.0,0,BB,GBR,Offline TA/TO,TA/TO,0,0,0,A,A,0,No Deposit,6.0,,0,Transient,41.4,0,0,Check-Out,23-04-2016,
City Hotel,0,30,2017,June,23,4,2,1,2,0.0,0,SC,GBR,Online TA,TA/TO,0,0,0,A,A,0,No Deposit,9.0,,0,Transient,133.33,0,1,Check-Out,07-06-2017,
Resort Hotel,0,3,2016,March,10,4,2,3,2,0.0,0,BB,ESP,Online TA,TA/TO,0,0,0,D,D,2,No Deposit,240.0,,0,Transient,58.0,0,1,Check-Out,09-03-2016,
City Hotel,1,150,2016,October,41,3,1,2,2,1.0,0,BB,BRA,Online TA,TA/TO,0,0,0,A,A,0,No Deposit,9.0,,0,Transient,135.0,0,0,Canceled,24-05-2016,
City Hotel,0,159,2016,May,22,26,0,3,2,1.0,0,BB,PRT,Online TA,TA/TO,0,0,0,A,D,7,No Deposit,9.0,,0,Transient,119.85,0,1,Check-Out,29-05-2016,
Resort Hotel,0,287,2015,October,42,15,1,3,1,0.0,0,BB,GBR,Groups,Corporate,0,0,0,A,A,1,No Deposit,,223.0,0,Transient-Party,37.0,0,0,Check-Out,19-10-2015,
City Hotel,0,0,2017,January,4,25,0,2,1,0.0,0,BB,PRT,Groups,TA/TO,0,0,0,A,A,0,No Deposit,,365.0,0,Transient-Party,85.0,0,0,Check-Out,27-01-2017,
Resort Hotel,0,73,2016,November,46,12,0,1,2,0.0,0,BB,PRT,Online TA,TA/TO,0,0,0,A,D,0,No Deposit,240.0,,0,Transient,37.8,0,1,Check-Out,13-11-2016,
City Hotel,1,39,2016,March,11,6,2,3,2,0.0,0,BB,ITA,Online TA,TA/TO,0,0,0,A,A,0,No Deposit,9.0,,0,Transient,116.1,0,1,Canceled,29-01-2016,
City Hotel,0,32,2015,November,47,20,0,2,1,0.0,0,BB,PRT,Offline TA/TO,TA/TO,0,0,0,A,A,2,No Deposit,119.0,,0,Transient-Party,73.0,0,0,Check-Out,22-11-2015,
Resort Hotel,1,121,2015,December,49,4,0,1,2,0.0,0,BB,PRT,Online TA,TA/TO,0,0,0,E,E,0,No Deposit,240.0,,0,Transient,50.4,0,2,Canceled,17-08-2015,
City Hotel,0,147,2016,July,30,22,1,2,2,1.0,0,BB,GBR,Offline TA/TO,TA/TO,0,0,0,A,D,0,No Deposit,22.0,,0,Transient,84.58,0,1,Check-Out,25-07-2016,
City Hotel,0,152,2015,October,44,29,1,3,2,0.0,0,BB,DEU,Offline TA/TO,TA/TO,0,0,0,A,A,0,No Deposit,16.0,,0,Transient,56.52,0,0,Check-Out,02-11-2015,
City Hotel,0,111,2017,August,33,14,1,2,3,0.0,0,BB,ITA,Online TA,TA/TO,0,0,0,E,E,0,No Deposit,9.0,,0,Transient,225.0,0,2,Check-Out,17-08-2017,
